/*
 Navicat MySQL Data Transfer

 Source Server         : chennick
 Source Server Type    : MySQL
 Source Server Version : 50728
 Source Host           : 47.99.134.126:3306
 Source Schema         : jue-cost

 Target Server Type    : MySQL
 Target Server Version : 50728
 File Encoding         : 65001

 Date: 07/07/2021 15:20:23
*/

SET NAMES utf8mb4;
SET FOREIGN_KEY_CHECKS = 0;

CREATE database diarybook;
USE diarybook;

-- ----------------------------
-- Table structure for bill
-- ----------------------------
DROP TABLE IF EXISTS `bill`;
CREATE TABLE `bill` (
  `id` int(11) NOT NULL AUTO_INCREMENT,
  `pay_type` int(255) DEFAULT NULL,
  `amount` varchar(255) DEFAULT NULL,
  `date` varchar(255) DEFAULT NULL,
  `type_id` int(11) DEFAULT NULL,
  `type_name` varchar(255) DEFAULT NULL,
  `user_id` int(11) DEFAULT NULL,
  `remark` varchar(255) DEFAULT NULL,
  PRIMARY KEY (`id`)
) ENGINE=InnoDB AUTO_INCREMENT=921 DEFAULT CHARSET=utf8;

-- ----------------------------
-- Records of bill
-- ----------------------------
BEGIN;
INSERT INTO `bill` VALUES (1, 1, '25.00', '1607479155000', 1, 'Food & Drink', 6, '我是备注');
INSERT INTO `bill` VALUES (2, 1, '109.00', '1607219955000', 2, 'Clothing', 6, '买羽绒服');
INSERT INTO `bill` VALUES (3, 1, '45.00', '1607209155000', 6, 'Study', 6, '购买新蜂商城');
INSERT INTO `bill` VALUES (4, 1, '120.00', '1607122755000', 7, 'Healthcare', 6, '买药');
INSERT INTO `bill` VALUES (5, 1, '23.00', '1607043555000', 1, 'Food & Drink', 6, '早饭');
INSERT INTO `bill` VALUES (6, 1, '30.29', '1607079555000', 1, 'Food & Drink', 6, '晚饭');
INSERT INTO `bill` VALUES (7, 1, '15.02', '1607093955000', 1, 'Food & Drink', 6, '夜宵');
INSERT INTO `bill` VALUES (8, 1, '190.92', '1607007555000', 5, 'Shop', 6, '鞋子一双');
INSERT INTO `bill` VALUES (9, 1, '12.78', '1607011155000', 4, 'Daily Necessities', 6, '水费');
INSERT INTO `bill` VALUES (10, 2, '530.00', '1606852755000', 12, 'Bonus', 6, '季度Bonus');
INSERT INTO `bill` VALUES (11, 2, '6000.00', '1606766355000', 11, 'Wage', 6, '发财啦');
INSERT INTO `bill` VALUES (12, 1, '12.00', '1604174355000', 1, 'Food & Drink', 6, '吃饭');
INSERT INTO `bill` VALUES (13, 1, '130.00', '1604181555000', 2, 'Clothing', 6, '买衣服');
INSERT INTO `bill` VALUES (14, 1, '22.00', '1604267955000', 5, 'Shop', 6, '买烟');
INSERT INTO `bill` VALUES (16, 1, '9.75', '1608474529000', 1, 'Food & Drink', 6, '');
INSERT INTO `bill` VALUES (17, 2, '25.80', '1608474920000', 11, 'Wage', 6, '');
INSERT INTO `bill` VALUES (19, 1, '2508.00', '1607443200000', 6, 'Study', 6, '');
INSERT INTO `bill` VALUES (24, 1, '23.00', '1606406400000', 1, 'Food & Drink', 6, '');
INSERT INTO `bill` VALUES (25, 1, '222.00', '1609227005000', 1, 'Food & Drink', 8, '');
INSERT INTO `bill` VALUES (26, 2, '333.00', '1609227025000', 15, 'Refund', 8, '');
INSERT INTO `bill` VALUES (27, 1, '5.60', '1609171200000', 3, 'Transportation', 13, '坐车回家');
INSERT INTO `bill` VALUES (31, 1, '45.00', '1609317924000', 4, 'Daily Necessities', 6, '');
INSERT INTO `bill` VALUES (32, 1, '12.80', '1609471836000', 1, 'Food & Drink', 6, '');
INSERT INTO `bill` VALUES (33, 1, '96.85', '1609471847000', 2, 'Clothing', 6, '');
INSERT INTO `bill` VALUES (34, 1, '84.00', '1609471856000', 4, 'Daily Necessities', 6, '');
INSERT INTO `bill` VALUES (35, 2, '520.00', '1609471869000', 13, 'Transfer', 6, '');
INSERT INTO `bill` VALUES (36, 1, '469.00', '1609471878000', 6, 'Study', 6, '实验楼');
INSERT INTO `bill` VALUES (37, 1, '54.50', '1609516800000', 2, 'Clothing', 6, '');
INSERT INTO `bill` VALUES (38, 1, '47.60', '1609516800000', 5, 'Shop', 6, '');
INSERT INTO `bill` VALUES (39, 1, '96.00', '1609516800000', 7, 'Healthcare', 6, '');
INSERT INTO `bill` VALUES (40, 2, '57.50', '1609516800000', 15, 'Refund', 6, '');
INSERT INTO `bill` VALUES (41, 1, '47.00', '1609603200000', 5, 'Shop', 6, '');
INSERT INTO `bill` VALUES (42, 2, '69.00', '1609603200000', 15, 'Refund', 6, '');
INSERT INTO `bill` VALUES (43, 1, '47.00', '1609603200000', 4, 'Daily Necessities', 6, '');
INSERT INTO `bill` VALUES (44, 1, '5.00', '1609603200000', 3, 'Transportation', 6, '');
INSERT INTO `bill` VALUES (45, 1, '754.00', '1609689600000', 2, 'Clothing', 6, '呵呵');
INSERT INTO `bill` VALUES (46, 1, '241.00', '1609603200000', 8, 'Travel', 6, '');
INSERT INTO `bill` VALUES (47, 1, '49.00', '1609603200000', 9, 'Socialize', 6, '');
INSERT INTO `bill` VALUES (48, 1, '9.00', '1609603200000', 8, 'Travel', 6, '');
INSERT INTO `bill` VALUES (49, 1, '287.00', '1609689600000', 1, 'Food & Drink', 6, '');
INSERT INTO `bill` VALUES (50, 1, '245.00', '1611131540000', 1, 'Food & Drink', 15, '');
INSERT INTO `bill` VALUES (52, 1, '100.00', '1611158400000', 1, 'Food & Drink', 17, '');
INSERT INTO `bill` VALUES (53, 1, '90.00', '1611207987000', 2, 'Clothing', 17, '');
INSERT INTO `bill` VALUES (54, 1, '50.00', '1611208010000', 1, 'Food & Drink', 17, 'cf');
INSERT INTO `bill` VALUES (55, 1, '25.00', '1611296673000', 5, 'Shop', 20, 'yy');
INSERT INTO `bill` VALUES (56, 1, '11.00', '1611319197000', 1, 'Food & Drink', 21, '');
INSERT INTO `bill` VALUES (57, 1, '22.00', '1611319233000', 2, 'Clothing', 21, '');
INSERT INTO `bill` VALUES (58, 1, '22.00', '1611319240000', 3, 'Transportation', 21, '');
INSERT INTO `bill` VALUES (59, 1, '124.00', '1611367889000', 2, 'Clothing', 23, '');
INSERT INTO `bill` VALUES (60, 1, '12.00', '1611478095000', 1, 'Food & Drink', 25, '');
INSERT INTO `bill` VALUES (61, 1, '45.00', '1611478105000', 3, 'Transportation', 25, '');
INSERT INTO `bill` VALUES (62, 1, '25.00', '1611478118000', 4, 'Daily Necessities', 25, '');
INSERT INTO `bill` VALUES (64, 1, '83.00', '1611493369000', 2, 'Clothing', 28, '');
INSERT INTO `bill` VALUES (65, 1, '788.00', '1611493374000', 1, 'Food & Drink', 28, '');
INSERT INTO `bill` VALUES (66, 1, '1000.00', '1611498965000', 1, 'Food & Drink', 31, '');
INSERT INTO `bill` VALUES (67, 2, '5000.00', '1611498981000', 11, 'Wage', 31, '');
INSERT INTO `bill` VALUES (68, 1, '20.00', '1611498994000', 2, 'Clothing', 31, '');
INSERT INTO `bill` VALUES (69, 1, '50.00', '1610294400000', 3, 'Transportation', 31, '');
INSERT INTO `bill` VALUES (70, 1, '22.00', '1611499525000', 3, 'Transportation', 32, '');
INSERT INTO `bill` VALUES (71, 1, '15.00', '1611503274000', 2, 'Clothing', 33, '');
INSERT INTO `bill` VALUES (72, 1, '225.00', '1611509009000', 2, 'Clothing', 34, 'lll');
INSERT INTO `bill` VALUES (73, 2, '6680.00', '1611509024000', 11, 'Wage', 34, '');
INSERT INTO `bill` VALUES (74, 1, '12.00', '1611536404000', 1, 'Food & Drink', 35, '');
INSERT INTO `bill` VALUES (75, 1, '123.00', '1611537500000', 5, 'Shop', 37, '');
INSERT INTO `bill` VALUES (76, 1, '18.80', '1611538328000', 3, 'Transportation', 39, '');
INSERT INTO `bill` VALUES (77, 1, '1000.00', '1611504000000', 9, 'Socialize', 40, '');
INSERT INTO `bill` VALUES (78, 2, '10000.00', '1611539439000', 12, 'Bonus', 41, '');
INSERT INTO `bill` VALUES (79, 1, '25.00', '1611540400000', 1, 'Food & Drink', 43, '');
INSERT INTO `bill` VALUES (80, 1, '123.00', '1611543209000', 1, 'Food & Drink', 45, '');
INSERT INTO `bill` VALUES (81, 1, '12.00', '1611543325000', 1, 'Food & Drink', 46, '');
INSERT INTO `bill` VALUES (82, 1, '45.00', '1611543341000', 2, 'Clothing', 46, '');
INSERT INTO `bill` VALUES (83, 1, '218.00', '1611676800000', 2, 'Clothing', 22, '');
INSERT INTO `bill` VALUES (84, 1, '20.00', '1611554882000', 2, 'Clothing', 22, '');
INSERT INTO `bill` VALUES (85, 1, '20.00', '1611558980000', 3, 'Transportation', 22, '');
INSERT INTO `bill` VALUES (86, 1, '30.00', '1611558997000', 5, 'Shop', 22, '');
INSERT INTO `bill` VALUES (87, 1, '20.00', '1611559847000', 1, 'Food & Drink', 49, '');
INSERT INTO `bill` VALUES (88, 1, '58.00', '1611559855000', 2, 'Clothing', 49, '');
INSERT INTO `bill` VALUES (89, 1, '100.00', '1611560371000', 6, 'Study', 22, '');
INSERT INTO `bill` VALUES (90, 1, '3000.00', '1614182400000', 1, 'Food & Drink', 22, '');
INSERT INTO `bill` VALUES (92, 1, '364.00', '1611417600000', 1, 'Food & Drink', 22, '新的我');
INSERT INTO `bill` VALUES (95, 1, '1222.00', '1611564865000', 1, 'Food & Drink', 50, '');
INSERT INTO `bill` VALUES (97, 1, '8.00', '1611565814000', 3, 'Transportation', 52, '');
INSERT INTO `bill` VALUES (98, 1, '3.00', '1611566050000', 3, 'Transportation', 53, '');
INSERT INTO `bill` VALUES (99, 1, '13.00', '1611566072000', 1, 'Food & Drink', 53, '');
INSERT INTO `bill` VALUES (100, 1, '222.00', '1611575580000', 3, 'Transportation', 55, '');
INSERT INTO `bill` VALUES (106, 1, '2688.00', '1611625959000', 5, 'Shop', 59, '');
INSERT INTO `bill` VALUES (107, 1, '55.00', '1611625968000', 7, 'Healthcare', 59, '');
INSERT INTO `bill` VALUES (108, 1, '8.00', '1611626288000', 1, 'Food & Drink', 59, '');
INSERT INTO `bill` VALUES (109, 1, '2566.00', '1611631518000', 3, 'Transportation', 28, '');
INSERT INTO `bill` VALUES (110, 1, '256.00', '1611644925000', 3, 'Transportation', 62, '');
INSERT INTO `bill` VALUES (111, 1, '555.00', '1611644939000', 4, 'Daily Necessities', 62, '');
INSERT INTO `bill` VALUES (112, 2, '20000.00', '1611644963000', 12, 'Bonus', 62, '');
INSERT INTO `bill` VALUES (113, 1, '145.00', '1611644973000', 5, 'Shop', 62, '');
INSERT INTO `bill` VALUES (114, 1, '259.00', '1611644984000', 7, 'Healthcare', 62, 'Socialize');
INSERT INTO `bill` VALUES (115, 1, '22.00', '1611417600000', 3, 'Transportation', 62, '');
INSERT INTO `bill` VALUES (116, 1, '123.00', '1611645280000', 1, 'Food & Drink', 63, '');
INSERT INTO `bill` VALUES (117, 1, '100.00', '1611658066000', 1, 'Food & Drink', 68, '');
INSERT INTO `bill` VALUES (118, 1, '1569.00', '1611658324000', 1, 'Food & Drink', 69, '');
INSERT INTO `bill` VALUES (119, 1, '1.00', '1611663516000', 1, 'Food & Drink', 70, '');
INSERT INTO `bill` VALUES (120, 1, '1000.00', '1611708983000', 1, 'Food & Drink', 72, '');
INSERT INTO `bill` VALUES (121, 1, '28000.00', '1611708997000', 1, 'Food & Drink', 72, '');
INSERT INTO `bill` VALUES (122, 1, '500.00', '1611712542000', 7, 'Healthcare', 74, '');
INSERT INTO `bill` VALUES (123, 1, '588.00', '1611712556000', 6, 'Study', 74, '');
INSERT INTO `bill` VALUES (124, 1, '155.00', '1611714459000', 7, 'Healthcare', 75, '');
INSERT INTO `bill` VALUES (125, 1, '14.85', '1611714467000', 6, 'Study', 75, '');
INSERT INTO `bill` VALUES (126, 1, '200.00', '1611715324000', 1, 'Food & Drink', 76, '');
INSERT INTO `bill` VALUES (127, 1, '100.00', '1611715514000', 2, 'Clothing', 76, '');
INSERT INTO `bill` VALUES (128, 1, '50.00', '1611715535000', 3, 'Transportation', 76, '');
INSERT INTO `bill` VALUES (129, 1, '123.00', '1611715911000', 2, 'Clothing', 45, '');
INSERT INTO `bill` VALUES (130, 1, '22.00', '1611718913000', 1, 'Food & Drink', 77, '');
INSERT INTO `bill` VALUES (131, 2, '100.00', '1611718953000', 11, 'Wage', 77, '');
INSERT INTO `bill` VALUES (132, 2, '12.00', '1611727766000', 11, 'Wage', 80, '');
INSERT INTO `bill` VALUES (133, 1, '29.00', '1611731082000', 1, 'Food & Drink', 81, '');
INSERT INTO `bill` VALUES (134, 1, '56.00', '1611731096000', 1, 'Food & Drink', 81, '');
INSERT INTO `bill` VALUES (135, 1, '55.00', '1611731102000', 3, 'Transportation', 81, '');
INSERT INTO `bill` VALUES (136, 2, '55.00', '1611731127000', 13, 'Transfer', 81, '');
INSERT INTO `bill` VALUES (137, 1, '54.00', '1611731136000', 5, 'Shop', 81, '');
INSERT INTO `bill` VALUES (138, 1, '88.00', '1611731142000', 4, 'Daily Necessities', 81, '');
INSERT INTO `bill` VALUES (140, 1, '88.00', '1611731153000', 6, 'Study', 81, '');
INSERT INTO `bill` VALUES (141, 1, '66.00', '1611731165000', 10, 'Other', 81, '');
INSERT INTO `bill` VALUES (142, 2, '555555.00', '1611732720000', 12, 'Bonus', 81, '');
INSERT INTO `bill` VALUES (143, 1, '78555.00', '1611737527000', 6, 'Study', 82, '');
INSERT INTO `bill` VALUES (144, 2, '2000.00', '1611739594000', 13, 'Transfer', 22, '');
INSERT INTO `bill` VALUES (145, 2, '200.00', '1611504000000', 16, 'Other', 22, '');
INSERT INTO `bill` VALUES (146, 1, '123.00', '1611754169000', 1, 'Food & Drink', 83, 'Kexi');
INSERT INTO `bill` VALUES (147, 1, '25.00', '1611754198000', 3, 'Transportation', 83, '');
INSERT INTO `bill` VALUES (148, 2, '125.00', '1524758400000', 14, 'Finance', 34, '吃饭');
INSERT INTO `bill` VALUES (149, 2, '25.00', '1612022400000', 11, 'Wage', 34, '');
INSERT INTO `bill` VALUES (150, 1, '200.00', '1611799082000', 1, 'Food & Drink', 87, '吃了很多东西');
INSERT INTO `bill` VALUES (151, 2, '1000.00', '1611801298000', 12, 'Bonus', 76, '');
INSERT INTO `bill` VALUES (162, 1, '256.85', '1638028800000', 1, 'Food & Drink', 90, '');
INSERT INTO `bill` VALUES (163, 1, '852.00', '1611818028000', 3, 'Transportation', 90, '');
INSERT INTO `bill` VALUES (164, 1, '56.00', '1611818038000', 1, 'Food & Drink', 90, '');
INSERT INTO `bill` VALUES (165, 1, '125.00', '1611824507000', 2, 'Clothing', 91, '');
INSERT INTO `bill` VALUES (166, 1, '10.00', '1611936000000', 1, 'Food & Drink', 93, '');
INSERT INTO `bill` VALUES (167, 1, '885.00', '1611838848000', 3, 'Transportation', 93, '');
INSERT INTO `bill` VALUES (168, 1, '28.00', '1611838861000', 5, 'Shop', 93, '');
INSERT INTO `bill` VALUES (169, 1, '12.00', '1611975633000', 2, 'Clothing', 98, '');
INSERT INTO `bill` VALUES (171, 1, '23.00', '1611994829000', 1, 'Food & Drink', 101, '');
INSERT INTO `bill` VALUES (172, 1, '125809666.00', '1611998527000', 1, 'Food & Drink', 96, '');
INSERT INTO `bill` VALUES (173, 1, '2506.00', '1611998097000', 1, 'Food & Drink', 92, '');
INSERT INTO `bill` VALUES (175, 1, '100.00', '1612010682000', 1, 'Food & Drink', 102, '');
INSERT INTO `bill` VALUES (176, 2, '800.00', '1612010832000', 12, 'Bonus', 102, '');
INSERT INTO `bill` VALUES (177, 1, '500.00', '1612010850000', 2, 'Clothing', 102, '');
INSERT INTO `bill` VALUES (178, 1, '50.00', '1612010856000', 3, 'Transportation', 102, '');
INSERT INTO `bill` VALUES (179, 1, '30.00', '1612010861000', 4, 'Daily Necessities', 102, '');
INSERT INTO `bill` VALUES (180, 1, '900.00', '1612010881000', 5, 'Shop', 102, '');
INSERT INTO `bill` VALUES (181, 2, '5000.00', '1612010888000', 13, 'Transfer', 102, '');
INSERT INTO `bill` VALUES (182, 2, '1000.00', '1612010896000', 14, 'Finance', 102, '');
INSERT INTO `bill` VALUES (183, 1, '100.00', '1612101418000', 1, 'Food & Drink', 104, '');
INSERT INTO `bill` VALUES (184, 2, '280.00', '1612101750000', 11, 'Wage', 104, '');
INSERT INTO `bill` VALUES (186, 1, '11111.00', '1612108800000', 5, 'Shop', 107, '');
INSERT INTO `bill` VALUES (187, 1, '2500.00', '1612141914000', 1, 'Food & Drink', 110, '');
INSERT INTO `bill` VALUES (188, 2, '280.00', '1612141970000', 11, 'Wage', 110, '');
INSERT INTO `bill` VALUES (189, 1, '500.00', '1612141992000', 1, 'Food & Drink', 110, '');
INSERT INTO `bill` VALUES (190, 1, '200.00', '1612142013000', 2, 'Clothing', 110, '');
INSERT INTO `bill` VALUES (191, 1, '200.00', '1612142031000', 4, 'Daily Necessities', 110, '');
INSERT INTO `bill` VALUES (192, 1, '12.00', '1612147700000', 1, 'Food & Drink', 112, '');
INSERT INTO `bill` VALUES (193, 1, '2.00', '1612147704000', 1, 'Food & Drink', 66, '');
INSERT INTO `bill` VALUES (194, 1, '22.00', '1612108800000', 1, 'Food & Drink', 115, '');
INSERT INTO `bill` VALUES (195, 1, '20.00', '1612165419000', 1, 'Food & Drink', 117, 'Test');
INSERT INTO `bill` VALUES (196, 1, '1444.00', '1612173051000', 2, 'Clothing', 119, '');
INSERT INTO `bill` VALUES (197, 1, '12.00', '1612227295000', 1, 'Food & Drink', 123, '');
INSERT INTO `bill` VALUES (198, 1, '25.00', '1612227304000', 2, 'Clothing', 123, '');
INSERT INTO `bill` VALUES (199, 1, '2.00', '1612233888000', 5, 'Shop', 124, '');
INSERT INTO `bill` VALUES (200, 1, '1.00', '1612233896000', 4, 'Daily Necessities', 124, '');
INSERT INTO `bill` VALUES (201, 1, '2.00', '1612233910000', 6, 'Study', 124, '');
INSERT INTO `bill` VALUES (202, 1, '7.00', '1612233914000', 5, 'Shop', 124, '');
INSERT INTO `bill` VALUES (203, 1, '5.00', '1612233918000', 1, 'Food & Drink', 124, '');
INSERT INTO `bill` VALUES (204, 1, '5.00', '1612233922000', 1, 'Food & Drink', 124, '');
INSERT INTO `bill` VALUES (205, 1, '5.00', '1612233927000', 1, 'Food & Drink', 124, '');
INSERT INTO `bill` VALUES (206, 1, '9.00', '1612233931000', 1, 'Food & Drink', 124, '');
INSERT INTO `bill` VALUES (207, 1, '142.00', '1401984000000', 1, 'Food & Drink', 24, '是护工是搭脚手进口件');
INSERT INTO `bill` VALUES (208, 1, '25.00', '1612251119000', 1, 'Food & Drink', 125, '');
INSERT INTO `bill` VALUES (209, 1, '250.00', '1612251130000', 2, 'Clothing', 125, '');
INSERT INTO `bill` VALUES (210, 1, '18.00', '1612264049000', 1, 'Food & Drink', 127, '');
INSERT INTO `bill` VALUES (211, 1, '80000.00', '1612264118000', 6, 'Study', 128, '');
INSERT INTO `bill` VALUES (213, 1, '25.00', '1612264179000', 4, 'Daily Necessities', 130, '');
INSERT INTO `bill` VALUES (214, 1, '12.00', '1612264207000', 2, 'Clothing', 131, '');
INSERT INTO `bill` VALUES (215, 1, '158.00', '1612264251000', 2, 'Clothing', 132, '');
INSERT INTO `bill` VALUES (216, 1, '28.00', '1612264257000', 3, 'Transportation', 132, '');
INSERT INTO `bill` VALUES (217, 2, '8455.00', '1612264261000', 12, 'Bonus', 132, '');
INSERT INTO `bill` VALUES (218, 1, '585.00', '1612264267000', 1, 'Food & Drink', 132, '');
INSERT INTO `bill` VALUES (219, 1, '2.00', '1612264271000', 3, 'Transportation', 132, '');
INSERT INTO `bill` VALUES (220, 1, '100.00', '1612195200000', 1, 'Food & Drink', 135, '');
INSERT INTO `bill` VALUES (221, 1, '100.00', '1612264374000', 2, 'Clothing', 135, '');
INSERT INTO `bill` VALUES (222, 1, '145807.00', '1612264672000', 1, 'Food & Drink', 138, '');
INSERT INTO `bill` VALUES (223, 1, '100000000001.00', '1612264679000', 1, 'Food & Drink', 138, '');
INSERT INTO `bill` VALUES (224, 2, '0.01', '1612264695000', 11, 'Wage', 138, '');
INSERT INTO `bill` VALUES (225, 2, '1e+27', '1612264728000', 11, 'Wage', 138, '');
INSERT INTO `bill` VALUES (226, 1, '800.00', '1612264837000', 1, 'Food & Drink', 141, '');
INSERT INTO `bill` VALUES (227, 2, '500.00', '1612265005000', 11, 'Wage', 135, '');
INSERT INTO `bill` VALUES (228, 1, '1000.00', '1612265086000', 6, 'Study', 142, '6666');
INSERT INTO `bill` VALUES (229, 1, '50.50', '1612195200000', 1, 'Food & Drink', 135, 'Test一下');
INSERT INTO `bill` VALUES (230, 1, '1.00', '1612265673000', 1, 'Food & Drink', 149, '');
INSERT INTO `bill` VALUES (231, 1, '2.00', '1612265686000', 2, 'Clothing', 149, '');
INSERT INTO `bill` VALUES (232, 1, '225.00', '1612266026000', 3, 'Transportation', 16, '');
INSERT INTO `bill` VALUES (234, 2, '111100.00', '1612266043000', 11, 'Wage', 16, '');
INSERT INTO `bill` VALUES (235, 1, '222.00', '1612266054000', 6, 'Study', 151, '');
INSERT INTO `bill` VALUES (236, 1, '867.00', '1612266198000', 2, 'Clothing', 153, '');
INSERT INTO `bill` VALUES (237, 2, '8764.00', '1612266212000', 11, 'Wage', 153, '');
INSERT INTO `bill` VALUES (238, 1, '1890.00', '1612266409000', 1, 'Food & Drink', 156, '');
INSERT INTO `bill` VALUES (239, 1, '1425.00', '1612266623000', 1, 'Food & Drink', 28, '');
INSERT INTO `bill` VALUES (240, 2, '165328.00', '1612266634000', 13, 'Transfer', 28, '');
INSERT INTO `bill` VALUES (241, 1, '10.00', '1612266659000', 1, 'Food & Drink', 159, '');
INSERT INTO `bill` VALUES (242, 1, '288.00', '1612266739000', 3, 'Transportation', 154, '');
INSERT INTO `bill` VALUES (243, 1, '98852.00', '1612266744000', 6, 'Study', 154, '');
INSERT INTO `bill` VALUES (244, 1, '87.00', '1612266749000', 1, 'Food & Drink', 154, '');
INSERT INTO `bill` VALUES (245, 2, '20000.00', '1612267602000', 14, 'Finance', 162, '');
INSERT INTO `bill` VALUES (246, 1, '15841.00', '1612268037000', 2, 'Clothing', 163, '');
INSERT INTO `bill` VALUES (247, 2, '1111.00', '1612268042000', 13, 'Transfer', 163, '');
INSERT INTO `bill` VALUES (248, 1, '12.00', '1612269139000', 1, 'Food & Drink', 165, '');
INSERT INTO `bill` VALUES (249, 1, '47.00', '1612269144000', 3, 'Transportation', 165, '');
INSERT INTO `bill` VALUES (250, 1, '275.00', '1612269557000', 1, 'Food & Drink', 166, '');
INSERT INTO `bill` VALUES (251, 1, '100.00', '1612271178000', 5, 'Shop', 16, '');
INSERT INTO `bill` VALUES (252, 1, '55.00', '1612271204000', 3, 'Transportation', 168, '');
INSERT INTO `bill` VALUES (253, 1, '100.00', '1612275383000', 1, 'Food & Drink', 172, '');
INSERT INTO `bill` VALUES (254, 1, '55.00', '1612275396000', 1, 'Food & Drink', 171, '');
INSERT INTO `bill` VALUES (255, 1, '33.00', '1612275399000', 5, 'Shop', 171, '');
INSERT INTO `bill` VALUES (256, 1, '22.00', '1612275425000', 6, 'Study', 171, '');
INSERT INTO `bill` VALUES (257, 1, '580.00', '1612276118000', 2, 'Clothing', 175, '');
INSERT INTO `bill` VALUES (258, 1, '7559.00', '1612276247000', 1, 'Food & Drink', 176, '');
INSERT INTO `bill` VALUES (260, 1, '100.00', '1612279728000', 1, 'Food & Drink', 178, '');
INSERT INTO `bill` VALUES (261, 1, '12.00', '1612280518000', 4, 'Daily Necessities', 179, '');
INSERT INTO `bill` VALUES (262, 2, '12.00', '1612280560000', 14, 'Finance', 179, '');
INSERT INTO `bill` VALUES (263, 1, '25.00', '1612280577000', 3, 'Transportation', 179, '');
INSERT INTO `bill` VALUES (264, 1, '636.00', '1612282577000', 4, 'Daily Necessities', 180, '');
INSERT INTO `bill` VALUES (265, 1, '866.00', '1612282601000', 2, 'Clothing', 180, '');
INSERT INTO `bill` VALUES (267, 1, '500.00', '1612283496000', 3, 'Transportation', 181, '');
INSERT INTO `bill` VALUES (268, 1, '258.00', '1612307134000', 1, 'Food & Drink', 183, '');
INSERT INTO `bill` VALUES (269, 1, '698.00', '1612307150000', 3, 'Transportation', 183, 'fff');
INSERT INTO `bill` VALUES (270, 1, '85.00', '1612281600000', 1, 'Food & Drink', 185, '');
INSERT INTO `bill` VALUES (271, 1, '100.00', '1612311248000', 2, 'Clothing', 187, '');
INSERT INTO `bill` VALUES (272, 2, '1000000.00', '1612311267000', 11, 'Wage', 187, '');
INSERT INTO `bill` VALUES (273, 1, '100.00', '1612311291000', 4, 'Daily Necessities', 187, '');
INSERT INTO `bill` VALUES (274, 1, '7000.00', '1612311297000', 6, 'Study', 187, '');
INSERT INTO `bill` VALUES (275, 1, '123.00', '1612316734000', 1, 'Food & Drink', 190, '');
INSERT INTO `bill` VALUES (276, 1, '5.50', '1612319569000', 1, 'Food & Drink', 194, '早餐');
INSERT INTO `bill` VALUES (277, 1, '15.00', '1612319726000', 1, 'Food & Drink', 131, '');
INSERT INTO `bill` VALUES (278, 1, '200.00', '1612321019000', 1, 'Food & Drink', 195, '');
INSERT INTO `bill` VALUES (280, 1, '55.00', '1612321891000', 1, 'Food & Drink', 21, '');
INSERT INTO `bill` VALUES (281, 1, '2.00', '1612321899000', 3, 'Transportation', 21, '');
INSERT INTO `bill` VALUES (282, 2, '5800.00', '1612321905000', 11, 'Wage', 21, '');
INSERT INTO `bill` VALUES (283, 1, '5555.00', '1612324047000', 4, 'Daily Necessities', 198, 'hhshs');
INSERT INTO `bill` VALUES (284, 2, '55757.00', '1612324057000', 15, 'Refund', 198, '');
INSERT INTO `bill` VALUES (285, 1, '5.00', '1612330724000', 3, 'Transportation', 194, '地铁');
INSERT INTO `bill` VALUES (286, 1, '76.30', '1612330764000', 4, 'Daily Necessities', 194, '宿舍每月平均');
INSERT INTO `bill` VALUES (287, 2, '1000000000000.00', '1612341146000', 11, 'Wage', 204, '');
INSERT INTO `bill` VALUES (288, 1, '50000.00', '1612341161000', 5, 'Shop', 204, '');
INSERT INTO `bill` VALUES (289, 1, '1.00', '1612341547000', 1, 'Food & Drink', 205, '');
INSERT INTO `bill` VALUES (290, 1, '22222222222.00', '1612346391000', 5, 'Shop', 207, '');
INSERT INTO `bill` VALUES (291, 2, '12345646.00', '1612346402000', 11, 'Wage', 207, '');
INSERT INTO `bill` VALUES (292, 1, '12.00', '1612348433000', 2, 'Clothing', 208, '');
INSERT INTO `bill` VALUES (293, 1, '50.00', '1612348440000', 3, 'Transportation', 208, '');
INSERT INTO `bill` VALUES (294, 1, '23.00', '1612348445000', 6, 'Study', 208, '');
INSERT INTO `bill` VALUES (295, 1, '1250.00', '1612353945000', 1, 'Food & Drink', 209, 'Test');
INSERT INTO `bill` VALUES (296, 2, '1259.00', '1612281600000', 11, 'Wage', 209, '哈哈哈');
INSERT INTO `bill` VALUES (297, 1, '12.00', '1612369288000', 1, 'Food & Drink', 212, '');
INSERT INTO `bill` VALUES (298, 1, '100.00', '1612369302000', 3, 'Transportation', 212, '');
INSERT INTO `bill` VALUES (299, 1, '1.00', '1612369469000', 2, 'Clothing', 212, '');
INSERT INTO `bill` VALUES (300, 1, '1.00', '1612369485000', 4, 'Daily Necessities', 212, '');
INSERT INTO `bill` VALUES (301, 1, '1.00', '1612369492000', 5, 'Shop', 212, '');
INSERT INTO `bill` VALUES (302, 1, '2.00', '1612369498000', 6, 'Study', 212, '');
INSERT INTO `bill` VALUES (303, 2, '20000.00', '1612369539000', 11, 'Wage', 212, '');
INSERT INTO `bill` VALUES (304, 2, '500000.00', '1612369713000', 13, 'Transfer', 212, '');
INSERT INTO `bill` VALUES (305, 2, '20000.00', '1612369735000', 16, 'Other', 212, '');
INSERT INTO `bill` VALUES (306, 1, '2.00', '1612368000000', 1, 'Food & Drink', 213, '早餐');
INSERT INTO `bill` VALUES (307, 1, '100.00', '1612406071000', 1, 'Food & Drink', 76, '');
INSERT INTO `bill` VALUES (308, 1, '10.00', '1612406196000', 3, 'Transportation', 76, '');
INSERT INTO `bill` VALUES (309, 1, '12.00', '1612407366000', 1, 'Food & Drink', 217, '123123');
INSERT INTO `bill` VALUES (310, 1, '20.00', '1612408735000', 4, 'Daily Necessities', 76, '');
INSERT INTO `bill` VALUES (311, 1, '8.00', '1612408741000', 5, 'Shop', 76, '');
INSERT INTO `bill` VALUES (312, 1, '500.00', '1612408745000', 6, 'Study', 76, '');
INSERT INTO `bill` VALUES (313, 1, '333.00', '1612408750000', 9, 'Socialize', 76, '');
INSERT INTO `bill` VALUES (314, 1, '90.00', '1612408758000', 10, 'Other', 76, '');
INSERT INTO `bill` VALUES (315, 1, '455.00', '1612422104000', 1, 'Food & Drink', 220, 'dsfwrew');
INSERT INTO `bill` VALUES (316, 1, '12.00', '1612425211000', 1, 'Food & Drink', 222, '午餐');
INSERT INTO `bill` VALUES (317, 1, '11.00', '1612425595000', 1, 'Food & Drink', 224, '');
INSERT INTO `bill` VALUES (318, 2, '8888.00', '1612432051000', 11, 'Wage', 228, '');
INSERT INTO `bill` VALUES (319, 1, '200.00', '1612432065000', 4, 'Daily Necessities', 228, '');
INSERT INTO `bill` VALUES (320, 1, '80.00', '1612432086000', 5, 'Shop', 228, '');
INSERT INTO `bill` VALUES (321, 2, '12080.00', '1612368000000', 11, 'Wage', 229, '');
INSERT INTO `bill` VALUES (322, 1, '2800.00', '1612432381000', 1, 'Food & Drink', 229, '');
INSERT INTO `bill` VALUES (323, 1, '2700.00', '1612453180000', 4, 'Daily Necessities', 234, '');
INSERT INTO `bill` VALUES (324, 1, '56.00', '1612493804000', 3, 'Transportation', 28, '');
INSERT INTO `bill` VALUES (325, 1, '12.00', '1612494644000', 4, 'Daily Necessities', 177, '');
INSERT INTO `bill` VALUES (326, 1, '58.00', '1612494682000', 3, 'Transportation', 177, '');
INSERT INTO `bill` VALUES (327, 1, '6.00', '1612494686000', 5, 'Shop', 177, '');
INSERT INTO `bill` VALUES (329, 1, '208.00', '1612494701000', 2, 'Clothing', 177, '');
INSERT INTO `bill` VALUES (330, 1, '47.00', '1612494707000', 1, 'Food & Drink', 177, '');
INSERT INTO `bill` VALUES (331, 1, '550.00', '1612494717000', 2, 'Clothing', 177, '');
INSERT INTO `bill` VALUES (332, 2, '1588.00', '1612494747000', 12, 'Bonus', 177, '');
INSERT INTO `bill` VALUES (333, 2, '18888.00', '1612494753000', 11, 'Wage', 177, '');
INSERT INTO `bill` VALUES (334, 2, '8000.00', '1612494758000', 14, 'Finance', 177, '');
INSERT INTO `bill` VALUES (335, 1, '2.00', '1612518882000', 1, 'Food & Drink', 76, '');
INSERT INTO `bill` VALUES (336, 2, '200.00', '1612520125000', 2, 'Clothing', 76, '');
INSERT INTO `bill` VALUES (337, 2, '90.00', '1612576425000', 1, '', 76, '');
INSERT INTO `bill` VALUES (338, 2, '6.00', '1612576439000', 1, '', 76, '');
INSERT INTO `bill` VALUES (339, 2, '0.00', '1612576494000', 1, '', 76, '');
INSERT INTO `bill` VALUES (340, 2, '3.00', '1612576606000', 1, 'Food & Drink', 76, '');
INSERT INTO `bill` VALUES (341, 2, '30.00', '1612576670000', 1, 'Food & Drink', 76, '');
INSERT INTO `bill` VALUES (342, 2, '2.00', '1612576689000', 4, 'Daily Necessities', 76, '');
INSERT INTO `bill` VALUES (343, 2, '6.00', '1612576812000', 6, 'Study', 76, '');
INSERT INTO `bill` VALUES (344, 1, '600.00', '1612540800000', 2, 'Clothing', 76, '');
INSERT INTO `bill` VALUES (345, 2, '600.00', '981388800000', 2, 'Clothing', 76, '');
INSERT INTO `bill` VALUES (346, 1, '3.00', '1612577336000', 4, 'Daily Necessities', 76, '');
INSERT INTO `bill` VALUES (347, 2, '3.00', '981388800000', 9, 'Socialize', 76, '');
INSERT INTO `bill` VALUES (348, 1, '36.00', '1612577405000', 5, 'Shop', 76, '');
INSERT INTO `bill` VALUES (349, 2, '6.00', '1612577589000', 8, 'Travel', 76, '');
INSERT INTO `bill` VALUES (350, 2, '33.00', '1612577653000', 10, 'Other', 76, '');
INSERT INTO `bill` VALUES (351, 2, '99.00', '1612108800000', 6, 'Study', 76, '');
INSERT INTO `bill` VALUES (352, 2, '99.00', '1609430400000', 6, 'Study', 76, '');
INSERT INTO `bill` VALUES (353, 1, '33.00', '1612577448000', 6, 'Study', 76, '');
INSERT INTO `bill` VALUES (354, 2, '9999.00', '1612108800000', 6, 'Study', 76, '');
INSERT INTO `bill` VALUES (355, 2, '9999.00', '1609430400000', 6, 'Study', 76, '');
INSERT INTO `bill` VALUES (356, 2, '6.00', '1612578642000', 1, 'Food & Drink', 76, '');
INSERT INTO `bill` VALUES (357, 1, '1251.00', '1612580032000', 7, 'Healthcare', 239, '');
INSERT INTO `bill` VALUES (358, 1, '25841.00', '1612580052000', 10, 'Other', 239, '');
INSERT INTO `bill` VALUES (359, 1, '400.00', '1612582021000', 1, 'Food & Drink', 235, '');
INSERT INTO `bill` VALUES (360, 1, '200.00', '1612582028000', 1, 'Food & Drink', 235, '');
INSERT INTO `bill` VALUES (361, 2, '999.00', '1609430400000', 6, 'Study', 76, '');
INSERT INTO `bill` VALUES (362, 1, '40000.00', '1612590389000', 1, 'Food & Drink', 235, '');
INSERT INTO `bill` VALUES (363, 1, '300.00', '1612591445000', 3, 'Transportation', 240, '');
INSERT INTO `bill` VALUES (364, 1, '200.00', '1612591479000', 1, 'Food & Drink', 240, '');
INSERT INTO `bill` VALUES (365, 1, '100.00', '1612591512000', 7, 'Healthcare', 240, '');
INSERT INTO `bill` VALUES (366, 1, '150.00', '1612592725000', 2, 'Clothing', 240, '');
INSERT INTO `bill` VALUES (367, 2, '1000.00', '1612592792000', 12, 'Bonus', 240, '');
INSERT INTO `bill` VALUES (368, 1, '2222.00', '1612614097000', 1, 'Food & Drink', 241, '');
INSERT INTO `bill` VALUES (369, 1, '2222.00', '1612614097000', 1, 'Food & Drink', 241, '');
INSERT INTO `bill` VALUES (370, 1, '1000.00', '1612622110000', 1, 'Food & Drink', 242, '');
INSERT INTO `bill` VALUES (371, 1, '1.00', '1612665601000', 1, 'Food & Drink', 244, '');
INSERT INTO `bill` VALUES (372, 1, '25.00', '1612666827000', 1, 'Food & Drink', 244, '');
INSERT INTO `bill` VALUES (373, 2, '100.00', '1612668395000', 11, 'Wage', 245, '1');
INSERT INTO `bill` VALUES (374, 1, '55.80', '1638806400000', 1, 'Food & Drink', 247, '');
INSERT INTO `bill` VALUES (375, 1, '22.00', '1612683280000', 1, 'Food & Drink', 247, '');
INSERT INTO `bill` VALUES (376, 1, '2222.00', '1612683283000', 1, 'Food & Drink', 247, '');
INSERT INTO `bill` VALUES (377, 2, '100.00', '1612762530000', 16, 'Other', 235, '');
INSERT INTO `bill` VALUES (378, 1, '200.00', '1612944201000', 2, 'Clothing', 248, '');
INSERT INTO `bill` VALUES (379, 2, '5000.00', '1612944219000', 11, 'Wage', 248, '');
INSERT INTO `bill` VALUES (380, 1, '158.00', '1613004658000', 6, 'Study', 250, '');
INSERT INTO `bill` VALUES (381, 2, '9365.00', '1615737600000', 14, 'Finance', 250, '');
INSERT INTO `bill` VALUES (383, 2, '280.03', '1613004811000', 12, 'Bonus', 250, '');
INSERT INTO `bill` VALUES (384, 1, '5258.00', '1613036949000', 1, 'Food & Drink', 250, '');
INSERT INTO `bill` VALUES (386, 1, '21.00', '1613367814000', 1, 'Food & Drink', 177, '');
INSERT INTO `bill` VALUES (387, 1, '222.00', '1613483679000', 1, 'Food & Drink', 253, '');
INSERT INTO `bill` VALUES (388, 1, '4444.00', '1613487399000', 6, 'Study', 254, '');
INSERT INTO `bill` VALUES (389, 1, '11.00', '1613557189000', 1, 'Food & Drink', 255, '');
INSERT INTO `bill` VALUES (390, 2, '2.00', '1610812800000', 11, 'Wage', 257, '');
INSERT INTO `bill` VALUES (391, 1, '2.00', '1613560089000', 2, 'Clothing', 257, '');
INSERT INTO `bill` VALUES (392, 1, '1557.00', '1613658589000', 1, 'Food & Drink', 105, '');
INSERT INTO `bill` VALUES (393, 2, '258.00', '1613658819000', 12, 'Bonus', 105, '');
INSERT INTO `bill` VALUES (394, 1, '548.00', '1613658831000', 9, 'Socialize', 105, '');
INSERT INTO `bill` VALUES (395, 1, '1500.00', '1613726642000', 2, 'Clothing', 260, '');
INSERT INTO `bill` VALUES (396, 1, '10.00', '1613726671000', 3, 'Transportation', 260, '');
INSERT INTO `bill` VALUES (397, 1, '250.00', '1613726681000', 10, 'Other', 260, 'ccc');
INSERT INTO `bill` VALUES (398, 2, '2000.00', '1613792991000', 11, 'Wage', 261, '');
INSERT INTO `bill` VALUES (400, 1, '1234.00', '1614159613000', 2, 'Clothing', 235, '');
INSERT INTO `bill` VALUES (401, 1, '500.00', '1614162826000', 3, 'Transportation', 262, 'gggg');
INSERT INTO `bill` VALUES (402, 2, '300.00', '1614182400000', 12, 'Bonus', 262, '');
INSERT INTO `bill` VALUES (403, 1, '900.00', '1614163058000', 2, 'Clothing', 262, '');
INSERT INTO `bill` VALUES (404, 1, '25.00', '1614268800000', 1, 'Food & Drink', 16, '是的');
INSERT INTO `bill` VALUES (405, 1, '200.00', '1614182400000', 2, 'Clothing', 222, '');
INSERT INTO `bill` VALUES (406, 1, '59.00', '1614561789000', 1, 'Food & Drink', 263, '');
INSERT INTO `bill` VALUES (407, 1, '250.00', '1614562259000', 2, 'Clothing', 242, '');
INSERT INTO `bill` VALUES (409, 1, '800.00', '1614562295000', 5, 'Shop', 242, '');
INSERT INTO `bill` VALUES (410, 2, '15000.00', '1614562305000', 11, 'Wage', 242, '');
INSERT INTO `bill` VALUES (412, 1, '16.00', '1614579899000', 1, 'Food & Drink', 222, '午饭');
INSERT INTO `bill` VALUES (413, 1, '1111.00', '1614583105000', 1, 'Food & Drink', 266, '');
INSERT INTO `bill` VALUES (414, 1, '12.00', '1614583453000', 1, 'Food & Drink', 267, '');
INSERT INTO `bill` VALUES (415, 2, '545222866657588.00', '1614583716000', 16, 'Other', 268, '');
INSERT INTO `bill` VALUES (416, 1, '123.00', '1614583968000', 1, 'Food & Drink', 28, '');
INSERT INTO `bill` VALUES (417, 2, '1111222.00', '1614583977000', 11, 'Wage', 28, '');
INSERT INTO `bill` VALUES (418, 1, '288.56', '1614584093000', 7, 'Healthcare', 269, '');
INSERT INTO `bill` VALUES (419, 2, '1.00', '1614585134000', 11, 'Wage', 270, '');
INSERT INTO `bill` VALUES (420, 2, '20000.00', '1614585139000', 12, 'Bonus', 270, '');
INSERT INTO `bill` VALUES (421, 1, '1.00', '1614585150000', 1, 'Food & Drink', 270, '');
INSERT INTO `bill` VALUES (422, 1, '0.50', '1614584549000', 1, 'Food & Drink', 222, '');
INSERT INTO `bill` VALUES (423, 1, '10.00', '1614586649000', 1, 'Food & Drink', 271, '');
INSERT INTO `bill` VALUES (424, 2, '500.00', '1614586654000', 12, 'Bonus', 271, '');
INSERT INTO `bill` VALUES (425, 1, '258.00', '1614586683000', 1, 'Food & Drink', 271, '');
INSERT INTO `bill` VALUES (426, 1, '25.00', '1614586708000', 3, 'Transportation', 271, '');
INSERT INTO `bill` VALUES (427, 2, '258.00', '1614587223000', 15, 'Refund', 271, '');
INSERT INTO `bill` VALUES (428, 1, '25.00', '1614587767000', 4, 'Daily Necessities', 272, '');
INSERT INTO `bill` VALUES (429, 1, '10.99', '1614587789000', 4, 'Daily Necessities', 222, 'TestTest\n');
INSERT INTO `bill` VALUES (430, 1, '18.00', '1614758827000', 6, 'Study', 222, '晚饭+瓜子');
INSERT INTO `bill` VALUES (431, 2, '8523669999.00', '1614598404000', 16, 'Other', 274, '');
INSERT INTO `bill` VALUES (432, 1, '250.00', '1614646639000', 1, 'Food & Drink', 275, '');
INSERT INTO `bill` VALUES (433, 2, '100000000.00', '1614646645000', 12, 'Bonus', 275, '');
INSERT INTO `bill` VALUES (435, 1, '55.00', '1614655327000', 1, 'Food & Drink', 279, '吃饭的钱');
INSERT INTO `bill` VALUES (436, 1, '1000.00', '1614655378000', 2, 'Clothing', 279, '');
INSERT INTO `bill` VALUES (437, 1, '23.00', '1614655392000', 3, 'Transportation', 279, '');
INSERT INTO `bill` VALUES (438, 1, '10.00', '1614655398000', 4, 'Daily Necessities', 279, '');
INSERT INTO `bill` VALUES (439, 1, '2800.00', '1614655404000', 5, 'Shop', 279, '');
INSERT INTO `bill` VALUES (440, 1, '5000.00', '1614655412000', 6, 'Study', 279, '');
INSERT INTO `bill` VALUES (441, 1, '500.00', '1614655417000', 3, 'Transportation', 279, '');
INSERT INTO `bill` VALUES (442, 1, '188.00', '1609516800000', 3, 'Transportation', 280, '');
INSERT INTO `bill` VALUES (444, 1, '256.00', '1617292800000', 2, 'Clothing', 281, '');
INSERT INTO `bill` VALUES (445, 1, '1000000.00', '1614668714000', 3, 'Transportation', 284, '');
INSERT INTO `bill` VALUES (446, 2, '100000000.00', '1614614400000', 11, 'Wage', 283, '');
INSERT INTO `bill` VALUES (447, 1, '5248.00', '1614670262000', 5, 'Shop', 177, '');
INSERT INTO `bill` VALUES (448, 1, '54599.00', '1614614400000', 4, 'Daily Necessities', 177, '');
INSERT INTO `bill` VALUES (449, 1, '65888.00', '1614674115000', 6, 'Study', 177, '');
INSERT INTO `bill` VALUES (450, 1, '55.00', '1614674122000', 1, 'Food & Drink', 177, '');
INSERT INTO `bill` VALUES (451, 1, '546.00', '1614700800000', 1, 'Food & Drink', 177, '');
INSERT INTO `bill` VALUES (452, 1, '25.00', '1614674874000', 1, 'Food & Drink', 286, '');
INSERT INTO `bill` VALUES (453, 2, '555.00', '1614674146000', 11, 'Wage', 177, '');
INSERT INTO `bill` VALUES (454, 2, '1000000000.00', '1614677005000', 12, 'Bonus', 177, '');
INSERT INTO `bill` VALUES (455, 1, '25.00', '1614732542000', 1, 'Food & Drink', 289, '');
INSERT INTO `bill` VALUES (456, 2, '12000.00', '1614740092000', 11, 'Wage', 291, '');
INSERT INTO `bill` VALUES (457, 1, '1000.00', '1614740148000', 1, 'Food & Drink', 291, '');
INSERT INTO `bill` VALUES (458, 1, '12.00', '1635868800000', 9, 'Socialize', 293, '');
INSERT INTO `bill` VALUES (459, 1, '12222.00', '1614752784000', 7, 'Healthcare', 293, '');
INSERT INTO `bill` VALUES (460, 2, '264855222.00', '1614752792000', 12, 'Bonus', 293, '123321');
INSERT INTO `bill` VALUES (461, 1, '2158.00', '1614759059000', 2, 'Clothing', 294, '');
INSERT INTO `bill` VALUES (462, 2, '12222.00', '1614759082000', 13, 'Transfer', 294, '');
INSERT INTO `bill` VALUES (463, 2, '255.00', '1614759112000', 11, 'Wage', 294, '');
INSERT INTO `bill` VALUES (464, 1, 'NaN', '1614763109000', 1, 'Food & Drink', 295, '111111');
INSERT INTO `bill` VALUES (466, 1, '12.00', '1614764138000', 1, 'Food & Drink', 295, '');
INSERT INTO `bill` VALUES (467, 1, '1000.00', '1614764617000', 1, 'Food & Drink', 287, '');
INSERT INTO `bill` VALUES (468, 1, '500.00', '1614764634000', 2, 'Clothing', 287, '');
INSERT INTO `bill` VALUES (469, 1, '200.00', '1614764645000', 4, 'Daily Necessities', 287, '');
INSERT INTO `bill` VALUES (470, 2, '15000.00', '1614764653000', 11, 'Wage', 287, '');
INSERT INTO `bill` VALUES (471, 1, '300.00', '1614764664000', 5, 'Shop', 287, '');
INSERT INTO `bill` VALUES (472, 1, '22.00', '1614775383000', 2, 'Clothing', 297, '');
INSERT INTO `bill` VALUES (473, 2, '100.00', '1614776930000', 12, 'Bonus', 298, '');
INSERT INTO `bill` VALUES (474, 1, '100.00', '1614700800000', 1, 'Food & Drink', 287, 'haahha');
INSERT INTO `bill` VALUES (475, 1, '250.00', '1614700800000', 3, 'Transportation', 299, '');
INSERT INTO `bill` VALUES (476, 1, '2580.00', '1614780961000', 1, 'Food & Drink', 299, '');
INSERT INTO `bill` VALUES (477, 2, '1.00', '1614783871000', 11, 'Wage', 270, '');
INSERT INTO `bill` VALUES (478, 1, '12.00', '1614832984000', 1, 'Food & Drink', 300, '');
INSERT INTO `bill` VALUES (479, 1, '56.00', '1614832990000', 2, 'Clothing', 300, '');
INSERT INTO `bill` VALUES (480, 1, '123.00', '1614841756000', 1, 'Food & Drink', 302, '');
INSERT INTO `bill` VALUES (481, 1, '3877.00', '1614841793000', 1, 'Food & Drink', 302, '');
INSERT INTO `bill` VALUES (482, NULL, '200.00', NULL, 12, 'Bonus', 6, '');
INSERT INTO `bill` VALUES (483, NULL, '2.00', NULL, 12, 'Bonus', 6, '');
INSERT INTO `bill` VALUES (484, NULL, '80.00', NULL, 2, 'Clothing', 6, '');
INSERT INTO `bill` VALUES (485, NULL, '80.00', NULL, 2, 'Clothing', 6, '');
INSERT INTO `bill` VALUES (491, 1, '888.00', '1614933337000', 4, 'Daily Necessities', 6, 'jian啦啦啦啦');
INSERT INTO `bill` VALUES (492, 1, '588.00', '1615165505000', 5, 'Shop', 6, '-');
INSERT INTO `bill` VALUES (494, 1, '999.00', '1614934091000', 5, 'Shop', 6, 'lll');
INSERT INTO `bill` VALUES (498, 1, '12.00', '1614859381000', 1, 'Food & Drink', 303, '');
INSERT INTO `bill` VALUES (503, 1, '122.00', '1646496000000', 1, 'Food & Drink', 310, '');
INSERT INTO `bill` VALUES (505, 1, '5.00', '1615046400000', 1, 'Food & Drink', 312, '');
INSERT INTO `bill` VALUES (506, 2, '500.00', '1615176602000', 12, 'Bonus', 6, '-');
INSERT INTO `bill` VALUES (507, 1, '12.00', '1615178118000', 1, 'Food & Drink', 310, '中午饭渔粉');
INSERT INTO `bill` VALUES (508, 1, '4.50', '1615178198000', 3, 'Transportation', 310, '早上地铁');
INSERT INTO `bill` VALUES (509, 1, '12.00', '1615182945000', 1, 'Food & Drink', 310, '');
INSERT INTO `bill` VALUES (510, 1, '1000.00', '1615283659000', 2, 'Clothing', 315, '');
INSERT INTO `bill` VALUES (511, 1, '52.00', '1615343862000', 2, 'Clothing', 80, '');
INSERT INTO `bill` VALUES (512, 2, '2555.00', '1615343869000', 15, 'Refund', 80, '');
INSERT INTO `bill` VALUES (514, 1, '258.00', '1615358981000', 8, 'Travel', 316, '1111');
INSERT INTO `bill` VALUES (515, 1, '0.75', '1615591069000', 2, 'Clothing', 320, '哈哈');
INSERT INTO `bill` VALUES (516, 1, '10000.00', '1615605841000', 6, 'Study', 95, '真的是猛');
INSERT INTO `bill` VALUES (518, 1, '100.00', '1615713320000', 1, 'Food & Drink', 323, '');
INSERT INTO `bill` VALUES (519, 1, '20.00', '1615713349000', 3, 'Transportation', 323, '');
INSERT INTO `bill` VALUES (520, 1, '13.00', '1615738672000', 1, 'Food & Drink', 325, '');
INSERT INTO `bill` VALUES (521, 1, '41.00', '1615768990000', 4, 'Daily Necessities', 326, '');
INSERT INTO `bill` VALUES (522, 2, '10.00', '1615769030000', 11, 'Wage', 326, '');
INSERT INTO `bill` VALUES (523, 2, '200.00', '1615772209000', 11, 'Wage', 327, 'Test');
INSERT INTO `bill` VALUES (524, 1, '1144.00', '1615776150000', 2, 'Clothing', 6, '');
INSERT INTO `bill` VALUES (526, 2, '25845.00', '1615776160000', 12, 'Bonus', 6, '');
INSERT INTO `bill` VALUES (527, 1, '5.00', '1615794126000', 1, 'Food & Drink', 328, '');
INSERT INTO `bill` VALUES (528, 1, '18.00', '1615737600000', 2, 'Clothing', 328, '');
INSERT INTO `bill` VALUES (529, 1, '15.80', '1615794510000', 5, 'Shop', 329, '');
INSERT INTO `bill` VALUES (530, 2, '50000.00', '1615794562000', 11, 'Wage', 329, '税后Wage');
INSERT INTO `bill` VALUES (531, 2, '125.00', '1615910400000', 11, 'Wage', 335, '');
INSERT INTO `bill` VALUES (533, 1, '16.30', '1615962164000', 1, 'Food & Drink', 336, '午餐');
INSERT INTO `bill` VALUES (534, 2, '200.00', '1615963112000', 13, 'Transfer', 336, '');
INSERT INTO `bill` VALUES (535, 1, '58.00', '1615966925000', 4, 'Daily Necessities', 338, '');
INSERT INTO `bill` VALUES (536, 1, '2000.00', '1616031369000', 3, 'Transportation', 340, '坐车');
INSERT INTO `bill` VALUES (537, 2, '9000.00', '1616032292000', 12, 'Bonus', 340, 'Bonus');
INSERT INTO `bill` VALUES (538, 1, '12.00', '1616033967000', 1, 'Food & Drink', 341, '');
INSERT INTO `bill` VALUES (539, 1, '25.00', '1616033989000', 3, 'Transportation', 341, '');
INSERT INTO `bill` VALUES (540, 1, '20.00', '1613577600000', 1, 'Food & Drink', 340, '');
INSERT INTO `bill` VALUES (541, 1, '200.00', '1616035870000', 6, 'Study', 340, '');
INSERT INTO `bill` VALUES (542, 2, '123.00', '1616060714000', 1, 'Food & Drink', 108, '');
INSERT INTO `bill` VALUES (543, 1, '25.00', '1616119137000', 1, 'Food & Drink', 28, '');
INSERT INTO `bill` VALUES (544, 1, '100.00', '1616083200000', 9, 'Socialize', 345, '');
INSERT INTO `bill` VALUES (545, 2, '2000000.00', '1616120188000', 12, 'Bonus', 345, '');
INSERT INTO `bill` VALUES (546, 1, '100.00', '1616120201000', 3, 'Transportation', 345, '');
INSERT INTO `bill` VALUES (547, 1, '10.00', '1616083200000', 1, 'Food & Drink', 346, '');
INSERT INTO `bill` VALUES (548, 1, '2.00', '1621526400000', 1, 'Food & Drink', 347, 'cc');
INSERT INTO `bill` VALUES (549, 2, '58456695.00', '1616130142000', 11, 'Wage', 6, 'ad');
INSERT INTO `bill` VALUES (550, 1, '452.00', '1616316621000', 1, 'Food & Drink', 177, '');
INSERT INTO `bill` VALUES (551, 1, '2544.00', '1616320930000', 5, 'Shop', 177, '');
INSERT INTO `bill` VALUES (552, 1, '188.80', '1616407661000', 1, 'Food & Drink', 349, 'food');
INSERT INTO `bill` VALUES (553, 1, '128.00', '1616407749000', 2, 'Clothing', 349, 'cloth');
INSERT INTO `bill` VALUES (554, 1, '50.00', '1616407772000', 3, 'Transportation', 349, 'card');
INSERT INTO `bill` VALUES (555, 1, '608.00', '1616407808000', 6, 'Study', 349, 'mooc');
INSERT INTO `bill` VALUES (556, 1, '88.80', '1616407886000', 5, 'Shop', 349, '');
INSERT INTO `bill` VALUES (557, 1, '123.00', '1616428800000', 1, 'Food & Drink', 350, '');
INSERT INTO `bill` VALUES (558, 1, '1223.00', '1616478661000', 1, 'Food & Drink', 14, '');
INSERT INTO `bill` VALUES (559, 1, '124.00', '1616480472000', 3, 'Transportation', 349, '');
INSERT INTO `bill` VALUES (560, 2, '563.00', '1616501942000', 13, 'Transfer', 353, 'ces Test');
INSERT INTO `bill` VALUES (561, 1, '256.00', '1616502059000', 2, 'Clothing', 353, '');
INSERT INTO `bill` VALUES (562, 1, '20.00', '1616502068000', 7, 'Healthcare', 353, '');
INSERT INTO `bill` VALUES (563, 1, '233.00', '1616503924000', 2, 'Clothing', 353, '');
INSERT INTO `bill` VALUES (564, 1, '1.00', '1616506852000', 1, 'Food & Drink', 353, '');
INSERT INTO `bill` VALUES (565, 1, '2.00', '1616506871000', 2, 'Clothing', 353, '');
INSERT INTO `bill` VALUES (566, 1, '3.00', '1616506877000', 4, 'Daily Necessities', 353, '');
INSERT INTO `bill` VALUES (567, 1, '2.00', '1616506882000', 1, 'Food & Drink', 353, '');
INSERT INTO `bill` VALUES (568, 1, '12.00', '1616506887000', 1, 'Food & Drink', 353, '');
INSERT INTO `bill` VALUES (569, 2, '23.00', '1616506892000', 11, 'Wage', 353, '');
INSERT INTO `bill` VALUES (570, 1, '1.00', '1616508966000', 1, 'Food & Drink', 353, '');
INSERT INTO `bill` VALUES (571, 1, '2.00', '1616509005000', 1, 'Food & Drink', 353, '');
INSERT INTO `bill` VALUES (572, 1, '3.00', '1616509008000', 1, 'Food & Drink', 353, '');
INSERT INTO `bill` VALUES (573, 1, '4.00', '1616509012000', 1, 'Food & Drink', 353, '');
INSERT INTO `bill` VALUES (574, 1, '5.00', '1616509016000', 1, 'Food & Drink', 353, '');
INSERT INTO `bill` VALUES (575, 1, '77.00', '1616509063000', 6, 'Study', 353, '');
INSERT INTO `bill` VALUES (576, 1, '58.00', '1616549140000', 3, 'Transportation', 354, '');
INSERT INTO `bill` VALUES (577, 2, '55.00', '1616549150000', 11, 'Wage', 355, '');
INSERT INTO `bill` VALUES (578, 1, '122555555555.00', '1635177600000', 1, 'Food & Drink', 358, '');
INSERT INTO `bill` VALUES (580, 1, '100.00', '1616723436000', 1, 'Food & Drink', 359, '');
INSERT INTO `bill` VALUES (581, 1, '500.00', '1616723444000', 1, 'Food & Drink', 359, '');
INSERT INTO `bill` VALUES (582, 1, '665.00', '1616723448000', 3, 'Transportation', 359, '');
INSERT INTO `bill` VALUES (583, 1, '2244.00', '1616723451000', 2, 'Clothing', 359, '');
INSERT INTO `bill` VALUES (584, 1, '25.00', '1616723846000', 3, 'Transportation', 360, '');
INSERT INTO `bill` VALUES (585, 1, '5.00', '1616723858000', 1, 'Food & Drink', 360, '');
INSERT INTO `bill` VALUES (586, 1, '12.00', '1616726461000', 4, 'Daily Necessities', 361, '');
INSERT INTO `bill` VALUES (587, 1, '25.00', '1616727080000', 3, 'Transportation', 362, '');
INSERT INTO `bill` VALUES (588, 1, '258.00', '1616256000000', 4, 'Daily Necessities', 362, '');
INSERT INTO `bill` VALUES (589, 1, '12.00', '1616727209000', 1, 'Food & Drink', 35, '');
INSERT INTO `bill` VALUES (590, 1, '8845.00', '1616688000000', 1, 'Food & Drink', 363, '');
INSERT INTO `bill` VALUES (591, 2, '2587469.00', '1616729459000', 11, 'Wage', 363, '');
INSERT INTO `bill` VALUES (592, 1, '1558.00', '1616729494000', 3, 'Transportation', 363, '');
INSERT INTO `bill` VALUES (593, 1, '3654.00', '1616729504000', 6, 'Study', 363, '');
INSERT INTO `bill` VALUES (594, 1, '2577.00', '1616729510000', 3, 'Transportation', 363, 'dfsfsdfsdf');
INSERT INTO `bill` VALUES (595, 1, '668874.00', '1616729525000', 4, 'Daily Necessities', 363, '花钱大王\n');
INSERT INTO `bill` VALUES (596, 2, '255668774666.00', '1616729695000', 12, 'Bonus', 363, '');
INSERT INTO `bill` VALUES (597, 1, '100.00', '1616688000000', 9, 'Socialize', 365, '');
INSERT INTO `bill` VALUES (598, 2, '200.00', '1616744067000', 11, 'Wage', 365, '');
INSERT INTO `bill` VALUES (599, 1, '1.04', '1932652800000', 4, 'Daily Necessities', 277, '');
INSERT INTO `bill` VALUES (600, 1, '1.00', '1616744105000', 1, 'Food & Drink', 277, '');
INSERT INTO `bill` VALUES (601, 1, '1.00', '1616744108000', 1, 'Food & Drink', 277, '');
INSERT INTO `bill` VALUES (602, 1, '12.00', '1616744112000', 1, 'Food & Drink', 277, '');
INSERT INTO `bill` VALUES (603, 1, '12.00', '1616744115000', 1, 'Food & Drink', 277, '');
INSERT INTO `bill` VALUES (604, 1, '123.00', '1616744118000', 1, 'Food & Drink', 277, '');
INSERT INTO `bill` VALUES (605, 1, '123.00', '1616744121000', 1, 'Food & Drink', 277, '');
INSERT INTO `bill` VALUES (606, 1, '123.00', '1616744125000', 1, 'Food & Drink', 277, '');
INSERT INTO `bill` VALUES (607, 1, '250.00', '1616688000000', 2, 'Clothing', 366, '');
INSERT INTO `bill` VALUES (608, 1, '20.00', '1616744369000', 2, 'Clothing', 366, '');
INSERT INTO `bill` VALUES (609, 2, '25.00', '1616744375000', 14, 'Finance', 366, '');
INSERT INTO `bill` VALUES (610, 1, '500.00', '1616744414000', 1, 'Food & Drink', 366, '');
INSERT INTO `bill` VALUES (611, 1, '8866.00', '1616748126000', 1, 'Food & Drink', 363, '');
INSERT INTO `bill` VALUES (612, 1, '3.00', '1616748391000', 1, 'Food & Drink', 363, '');
INSERT INTO `bill` VALUES (613, 1, '5.00', '1616748401000', 1, 'Food & Drink', 363, '');
INSERT INTO `bill` VALUES (614, 1, '25.00', '1616748405000', 3, 'Transportation', 363, '');
INSERT INTO `bill` VALUES (615, 1, '25.00', '1616748405000', 3, 'Transportation', 363, '');
INSERT INTO `bill` VALUES (616, 1, '5.00', '1616749502000', 5, 'Shop', 367, '1234567890');
INSERT INTO `bill` VALUES (617, 1, '5.00', '1616749533000', 1, 'Food & Drink', 367, '');
INSERT INTO `bill` VALUES (618, 1, '2536.00', '1616751589000', 4, 'Daily Necessities', 368, '');
INSERT INTO `bill` VALUES (619, 1, '122.00', '1616756124000', 2, 'Clothing', 369, '');
INSERT INTO `bill` VALUES (620, 1, '222.00', '1616807161000', 1, 'Food & Drink', 370, '');
INSERT INTO `bill` VALUES (621, 1, '555.00', '1616807169000', 4, 'Daily Necessities', 370, '');
INSERT INTO `bill` VALUES (622, 1, '555.00', '1616807230000', 5, 'Shop', 370, '');
INSERT INTO `bill` VALUES (623, 1, '55555.88', '1616807892000', 1, 'Food & Drink', 370, 'mmmm嘎哈哈哈哈哈');
INSERT INTO `bill` VALUES (624, 2, '800.00', '1614355200000', 16, 'Other', 370, '啵啵啵啵啵啵啵啵啵啵');
INSERT INTO `bill` VALUES (625, 2, '0.09', '1616808035000', 13, 'Transfer', 370, '啵啵啵啵啵啵啵啵啵啵');
INSERT INTO `bill` VALUES (626, 1, '2222.00', '1616809366000', 2, 'Clothing', 371, '');
INSERT INTO `bill` VALUES (627, 2, '222.00', '1616809382000', 11, 'Wage', 371, '');
INSERT INTO `bill` VALUES (628, 2, '2.00', '1616809541000', 11, 'Wage', 371, '');
INSERT INTO `bill` VALUES (629, 2, '2.00', '1616809566000', 13, 'Transfer', 371, '');
INSERT INTO `bill` VALUES (630, 2, '99.00', '1616856052000', 11, 'Wage', 371, '');
INSERT INTO `bill` VALUES (631, 2, '555.00', '1616856069000', 12, 'Bonus', 371, '');
INSERT INTO `bill` VALUES (632, 1, '2.00', '1616857559000', 2, 'Clothing', 6, '');
INSERT INTO `bill` VALUES (635, 2, '20.00', '1617120000000', 15, 'Refund', 277, '123');
INSERT INTO `bill` VALUES (641, 1, '3.00', '1616921013000', 5, 'Shop', 277, '');
INSERT INTO `bill` VALUES (642, 1, '2.00', '1616921058000', 6, 'Study', 277, '');
INSERT INTO `bill` VALUES (643, 2, '1e+28', '1616935015000', 11, 'Wage', 375, '');
INSERT INTO `bill` VALUES (644, 2, '1.00', '1616935121000', 13, 'Transfer', 377, '');
INSERT INTO `bill` VALUES (646, 2, '123456.00', '1616936114000', 11, 'Wage', 378, '');
INSERT INTO `bill` VALUES (647, 2, '45678.00', '1616936171000', 11, 'Wage', 378, '123');
INSERT INTO `bill` VALUES (648, 1, '22.00', '1616938289000', 3, 'Transportation', 380, '');
INSERT INTO `bill` VALUES (649, 1, '25.00', '1616938312000', 2, 'Clothing', 380, '');
INSERT INTO `bill` VALUES (650, 2, '226.00', '1616938319000', 12, 'Bonus', 380, '');
INSERT INTO `bill` VALUES (651, 1, '22.00', '1616938359000', 1, 'Food & Drink', 380, '');
INSERT INTO `bill` VALUES (652, 1, '55.00', '1616938393000', 1, 'Food & Drink', 380, '');
INSERT INTO `bill` VALUES (653, 1, '5.80', '1616938399000', 1, 'Food & Drink', 380, '');
INSERT INTO `bill` VALUES (654, 1, '23.88', '1616938404000', 1, 'Food & Drink', 380, '');
INSERT INTO `bill` VALUES (655, 1, '333.88', '1616938416000', 5, 'Shop', 380, '');
INSERT INTO `bill` VALUES (656, 1, '2.00', '1616938429000', 6, 'Study', 380, '');
INSERT INTO `bill` VALUES (657, 1, '3.00', '1614441600000', 4, 'Daily Necessities', 380, '');
INSERT INTO `bill` VALUES (658, 1, '2.00', '1616938533000', 3, 'Transportation', 380, '');
INSERT INTO `bill` VALUES (659, 1, '33.00', '1616938569000', 5, 'Shop', 380, '');
INSERT INTO `bill` VALUES (660, 1, '33.00', '1616938574000', 5, 'Shop', 380, '');
INSERT INTO `bill` VALUES (661, 1, '33.00', '1616939028000', 4, 'Daily Necessities', 380, '');
INSERT INTO `bill` VALUES (662, 1, '3332.00', '1616939037000', 5, 'Shop', 380, '');
INSERT INTO `bill` VALUES (663, 1, '2.00', '1616939073000', 2, 'Clothing', 380, '');
INSERT INTO `bill` VALUES (664, 1, '3.00', '1616939080000', 6, 'Study', 380, '');
INSERT INTO `bill` VALUES (665, 1, '33.00', '1616939089000', 6, 'Study', 380, '');
INSERT INTO `bill` VALUES (666, 1, '2.27', '1614355200000', 1, 'Food & Drink', 380, '');
INSERT INTO `bill` VALUES (667, 1, '2.23', '1614355200000', 6, 'Study', 380, '');
INSERT INTO `bill` VALUES (668, 1, '3.00', '1614268800000', 5, 'Shop', 380, '');
INSERT INTO `bill` VALUES (669, 1, '1.00', '1616942232000', 3, 'Transportation', 277, '');
INSERT INTO `bill` VALUES (670, 1, '509.00', '1616942252000', 3, 'Transportation', 277, '');
INSERT INTO `bill` VALUES (671, 1, '55.00', '1617120000000', 4, 'Daily Necessities', 16, '');
INSERT INTO `bill` VALUES (673, 1, '135.00', '1616976554000', 3, 'Transportation', 382, '');
INSERT INTO `bill` VALUES (674, 1, '234.00', '1616976568000', 5, 'Shop', 382, '');
INSERT INTO `bill` VALUES (675, 2, '500.00', '1616976574000', 11, 'Wage', 382, '');
INSERT INTO `bill` VALUES (677, 1, '2588.00', '1616947200000', 1, 'Food & Drink', 385, '12');
INSERT INTO `bill` VALUES (678, 1, '5.00', '1617006956000', 1, 'Food & Drink', 6, '');
INSERT INTO `bill` VALUES (679, 1, '20000.00', '1617008009000', 6, 'Study', 6, '');
INSERT INTO `bill` VALUES (680, 1, '238.00', '1617068627000', 1, 'Food & Drink', 386, '');
INSERT INTO `bill` VALUES (681, 1, '100.00', '1617069398000', 3, 'Transportation', 387, '');
INSERT INTO `bill` VALUES (682, 2, '211.00', '1616860800000', 11, 'Wage', 387, '');
INSERT INTO `bill` VALUES (683, 1, '333.00', '1617069966000', 1, 'Food & Drink', 387, '');
INSERT INTO `bill` VALUES (684, 1, '125.00', '1635523200000', 1, 'Food & Drink', 388, '');
INSERT INTO `bill` VALUES (685, 2, '540.00', '1617072091000', 12, 'Bonus', 388, '');
INSERT INTO `bill` VALUES (686, 1, '545.00', '1617072241000', 3, 'Transportation', 388, '');
INSERT INTO `bill` VALUES (687, 1, '470.00', '1617072244000', 3, 'Transportation', 388, '');
INSERT INTO `bill` VALUES (688, 2, '58.00', '1617072250000', 14, 'Finance', 388, '');
INSERT INTO `bill` VALUES (689, 1, '84.00', '1617072257000', 6, 'Study', 388, '');
INSERT INTO `bill` VALUES (690, 2, '58.00', '1617072261000', 15, 'Refund', 388, '');
INSERT INTO `bill` VALUES (691, 1, '54.00', '1617072266000', 6, 'Study', 388, '');
INSERT INTO `bill` VALUES (692, 1, '20.00', '1617248324000', 7, 'Healthcare', 390, '');
INSERT INTO `bill` VALUES (693, 1, '25.00', '1617248349000', 6, 'Study', 390, '');
INSERT INTO `bill` VALUES (694, 1, '2.00', '1615478400000', 1, 'Food & Drink', 390, '');
INSERT INTO `bill` VALUES (695, 1, '15.00', '1617262623000', 2, 'Clothing', 391, '');
INSERT INTO `bill` VALUES (696, 1, '500.00', '1617302709000', 1, 'Food & Drink', 298, '');
INSERT INTO `bill` VALUES (697, 1, '78.00', '1617302717000', 3, 'Transportation', 298, '');
INSERT INTO `bill` VALUES (698, 1, '200.00', '1617302726000', 5, 'Shop', 298, '');
INSERT INTO `bill` VALUES (699, 1, '10.00', '1617344416000', 3, 'Transportation', 393, '停车费');
INSERT INTO `bill` VALUES (700, 1, '99.00', '1617206400000', 1, 'Food & Drink', 393, '韩国烧烤');
INSERT INTO `bill` VALUES (701, 1, '2.00', '1617350758000', 3, 'Transportation', 28, '');
INSERT INTO `bill` VALUES (702, 1, '3.00', '1617350788000', 6, 'Study', 28, '');
INSERT INTO `bill` VALUES (703, 1, '2.00', '1617350793000', 1, 'Food & Drink', 28, '');
INSERT INTO `bill` VALUES (704, 1, '88.00', '1617350795000', 1, 'Food & Drink', 28, '');
INSERT INTO `bill` VALUES (705, 1, '33.00', '1617350797000', 1, 'Food & Drink', 28, '');
INSERT INTO `bill` VALUES (706, 1, '55.00', '1617350799000', 1, 'Food & Drink', 28, '');
INSERT INTO `bill` VALUES (707, 1, '88.00', '1617350801000', 1, 'Food & Drink', 28, '');
INSERT INTO `bill` VALUES (708, 1, '10.00', '1617354505000', 1, 'Food & Drink', 394, '');
INSERT INTO `bill` VALUES (709, 1, '100.00', '1617358043000', 1, 'Food & Drink', 395, '');
INSERT INTO `bill` VALUES (710, 1, '1008.00', '1617612878000', 1, 'Food & Drink', 240, '');
INSERT INTO `bill` VALUES (711, 1, '500.00', '1617612904000', 1, 'Food & Drink', 240, '');
INSERT INTO `bill` VALUES (712, 1, '633.00', '1617612913000', 1, 'Food & Drink', 240, '');
INSERT INTO `bill` VALUES (713, 1, '55.00', '1617465600000', 3, 'Transportation', 240, '');
INSERT INTO `bill` VALUES (714, 1, '1500.00', '1617612970000', 2, 'Clothing', 240, '');
INSERT INTO `bill` VALUES (715, 1, '255.00', '1617613778000', 4, 'Daily Necessities', 240, '');
INSERT INTO `bill` VALUES (716, 1, '333.00', '1617613784000', 6, 'Study', 240, '');
INSERT INTO `bill` VALUES (717, 1, '222.00', '1617613790000', 8, 'Travel', 240, '');
INSERT INTO `bill` VALUES (718, 1, '888.00', '1617613797000', 9, 'Socialize', 240, '');
INSERT INTO `bill` VALUES (719, 1, '6666.00', '1617613811000', 3, 'Transportation', 240, '');
INSERT INTO `bill` VALUES (720, 1, '55555.00', '1617613825000', 8, 'Travel', 240, '');
INSERT INTO `bill` VALUES (721, 1, '20.00', '1617694601000', 1, 'Food & Drink', 392, '');
INSERT INTO `bill` VALUES (722, 2, '13000.00', '1617694654000', 11, 'Wage', 392, '');
INSERT INTO `bill` VALUES (723, 1, '1300.00', '1617694665000', 4, 'Daily Necessities', 392, '');
INSERT INTO `bill` VALUES (724, 1, '200.00', '1617764309000', 2, 'Clothing', 392, 'lnsw');
INSERT INTO `bill` VALUES (725, 2, '13000.00', '1617765184000', 11, 'Wage', 6, '');
INSERT INTO `bill` VALUES (726, 2, '200.00', '1617765194000', 13, 'Transfer', 6, '');
INSERT INTO `bill` VALUES (727, 2, '500.00', '1617765205000', 14, 'Finance', 6, '');
INSERT INTO `bill` VALUES (728, 1, '500.00', '1617765212000', 1, 'Food & Drink', 6, '');
INSERT INTO `bill` VALUES (729, 1, '500.00', '1617765220000', 2, 'Clothing', 6, 'lnsw');
INSERT INTO `bill` VALUES (730, 1, '1500.00', '1617765234000', 4, 'Daily Necessities', 6, '');
INSERT INTO `bill` VALUES (731, 1, '1255880.00', '1617783357000', 1, 'Food & Drink', 398, '');
INSERT INTO `bill` VALUES (732, 1, '2.00', '1617783380000', 1, 'Food & Drink', 398, '');
INSERT INTO `bill` VALUES (733, 1, '6.00', '1617783394000', 1, 'Food & Drink', 398, '');
INSERT INTO `bill` VALUES (734, 1, '20.00', '1617849970000', 4, 'Daily Necessities', 6, '');
INSERT INTO `bill` VALUES (735, 1, '500.00', '1617850105000', 2, 'Clothing', 6, '');
INSERT INTO `bill` VALUES (736, 2, '50.00', '1617850113000', 13, 'Transfer', 6, '');
INSERT INTO `bill` VALUES (737, 2, '300.00', '1617877648000', 11, 'Wage', 393, '');
INSERT INTO `bill` VALUES (738, 1, '50.00', '1617877781000', 2, 'Clothing', 393, 'T恤衫');
INSERT INTO `bill` VALUES (739, 1, '2.00', '1617877813000', 3, 'Transportation', 393, '地铁');
INSERT INTO `bill` VALUES (740, 1, '12.00', '1617883900000', 1, 'Food & Drink', 400, '');
INSERT INTO `bill` VALUES (741, 2, '5589.00', '1617883907000', 12, 'Bonus', 400, '');
INSERT INTO `bill` VALUES (742, 1, '123.00', '1617807600000', 1, 'Food & Drink', 400, '');
INSERT INTO `bill` VALUES (743, 1, '158.00', '1617883988000', 1, 'Food & Drink', 400, '');
INSERT INTO `bill` VALUES (744, 1, '127.00', '1617884007000', 3, 'Transportation', 400, '');
INSERT INTO `bill` VALUES (745, 1, '123.00', '1617888232000', 2, 'Clothing', 401, '');
INSERT INTO `bill` VALUES (746, 1, '2288.00', '1617893640000', 3, 'Transportation', 402, '');
INSERT INTO `bill` VALUES (747, 2, '8566.00', '1617893651000', 12, 'Bonus', 402, '');
INSERT INTO `bill` VALUES (749, 1, '500.00', '1617936666000', 2, 'Clothing', 403, '');
INSERT INTO `bill` VALUES (750, 1, '522.00', '1617936678000', 4, 'Daily Necessities', 403, '');
INSERT INTO `bill` VALUES (751, 2, '1124.00', '1617897600000', 11, 'Wage', 404, '');
INSERT INTO `bill` VALUES (752, 1, '5258.00', '1617968462000', 1, 'Food & Drink', 404, '');
INSERT INTO `bill` VALUES (753, 1, '66258.00', '1617968470000', 1, 'Food & Drink', 404, '');
INSERT INTO `bill` VALUES (754, 1, '18.00', '1618020683000', 5, 'Shop', 6, '');
INSERT INTO `bill` VALUES (755, 1, '12121.00', '1618031791000', 1, 'Food & Drink', 408, '');
INSERT INTO `bill` VALUES (756, 1, '1.00', '1618284245000', 1, 'Food & Drink', 277, '');
INSERT INTO `bill` VALUES (757, 2, '15.00', '1902240000000', 16, 'Other', 16, '');
INSERT INTO `bill` VALUES (758, 1, '12.00', '1618303387000', 1, 'Food & Drink', 16, '');
INSERT INTO `bill` VALUES (759, 2, '12.00', '1618303413000', 13, 'Transfer', 16, '');
INSERT INTO `bill` VALUES (760, 1, '25.00', '1618156800000', 6, 'Study', 412, '');
INSERT INTO `bill` VALUES (761, 1, '25.00', '1618407943000', 3, 'Transportation', 411, '');
INSERT INTO `bill` VALUES (762, 2, '2.74', '1628870400000', 15, 'Refund', 411, '我我哦一哦');
INSERT INTO `bill` VALUES (763, 1, '25.00', '1618731502000', 1, 'Food & Drink', 415, '');
INSERT INTO `bill` VALUES (764, 1, '286.00', '1618731509000', 2, 'Clothing', 415, '');
INSERT INTO `bill` VALUES (765, 1, '3690.00', '1618731516000', 6, 'Study', 415, '');
INSERT INTO `bill` VALUES (766, 1, '20.00', '1608566400000', 1, 'Food & Drink', 6, '');
INSERT INTO `bill` VALUES (767, 1, '200.00', '1618892076000', 2, 'Clothing', 416, '');
INSERT INTO `bill` VALUES (768, 1, '200.00', '1619165806000', 2, 'Clothing', 418, '');
INSERT INTO `bill` VALUES (769, 1, '1.00', '1619166350000', 1, 'Food & Drink', 419, '');
INSERT INTO `bill` VALUES (770, 1, '200.00', '1587571200000', 6, 'Study', 418, '');
INSERT INTO `bill` VALUES (771, 1, '60.00', '1619192774000', 1, 'Food & Drink', 418, '');
INSERT INTO `bill` VALUES (772, 1, '60.00', '1587571200000', 1, 'Food & Drink', 418, '');
INSERT INTO `bill` VALUES (773, 1, '50.00', '1587571200000', 7, 'Healthcare', 418, '');
INSERT INTO `bill` VALUES (774, 2, '20.00', '1587571200000', 16, 'Other', 418, '捡垃圾');
INSERT INTO `bill` VALUES (775, 1, '10.00', '1619192960000', 3, 'Transportation', 418, '');
INSERT INTO `bill` VALUES (777, 2, '2.00', '1619192984000', 14, 'Finance', 418, '');
INSERT INTO `bill` VALUES (779, 2, '100.00', '1619193004000', 15, 'Refund', 418, '');
INSERT INTO `bill` VALUES (780, 1, '95.00', '1619193040000', 6, 'Study', 418, '');
INSERT INTO `bill` VALUES (781, 1, '20.00', '1619194377000', 1, 'Food & Drink', 421, '');
INSERT INTO `bill` VALUES (782, 1, '50.00', '1619194462000', 5, 'Shop', 421, '');
INSERT INTO `bill` VALUES (783, 2, '6.00', '1619194474000', 14, 'Finance', 421, '');
INSERT INTO `bill` VALUES (784, 2, '12.00', '1619194488000', 16, 'Other', 421, '捡垃圾');
INSERT INTO `bill` VALUES (785, 1, '20.00', '1619194517000', 4, 'Daily Necessities', 421, '');
INSERT INTO `bill` VALUES (786, 1, '14.00', '1619452800000', 1, 'Food & Drink', 422, '');
INSERT INTO `bill` VALUES (787, 2, '1000.00', '1619498721000', 11, 'Wage', 423, '');
INSERT INTO `bill` VALUES (788, 1, '123.00', '1619498945000', 1, 'Food & Drink', 423, '');
INSERT INTO `bill` VALUES (789, 1, '300.00', '1619499003000', 2, 'Clothing', 423, '');
INSERT INTO `bill` VALUES (790, 1, '55.00', '1619761095000', 1, 'Food & Drink', 426, '');
INSERT INTO `bill` VALUES (791, 1, '8.00', '1619761109000', 2, 'Clothing', 426, '');
INSERT INTO `bill` VALUES (792, 1, '54.00', '1619761116000', 4, 'Daily Necessities', 426, '');
INSERT INTO `bill` VALUES (793, 1, '9855.00', '1619761153000', 6, 'Study', 426, '');
INSERT INTO `bill` VALUES (794, 2, '24588.00', '1619761161000', 14, 'Finance', 426, '');
INSERT INTO `bill` VALUES (795, 1, '5746.00', '1619761225000', 3, 'Transportation', 426, '');
INSERT INTO `bill` VALUES (796, 1, '14663.00', '1617379200000', 1, 'Food & Drink', 431, '');
INSERT INTO `bill` VALUES (797, 1, '12.00', '1620230400000', 2, 'Clothing', 433, '');
INSERT INTO `bill` VALUES (798, 2, '12.00', '1620287767000', 12, 'Bonus', 433, '');
INSERT INTO `bill` VALUES (799, 1, '2565.00', '1620312627000', 5, 'Shop', 434, '');
INSERT INTO `bill` VALUES (800, 1, '252.00', '1620312650000', 6, 'Study', 434, '');
INSERT INTO `bill` VALUES (801, 2, '2222.00', '1620312657000', 12, 'Bonus', 434, '');
INSERT INTO `bill` VALUES (802, 1, '111.00', '1620356954000', 1, 'Food & Drink', 435, '');
INSERT INTO `bill` VALUES (803, 1, '12.00', '1620378813000', 2, 'Clothing', 291, '');
INSERT INTO `bill` VALUES (804, 1, '566.00', '1620230400000', 1, 'Food & Drink', 291, '');
INSERT INTO `bill` VALUES (805, 1, '123.00', '1620451255000', 1, 'Food & Drink', 296, '');
INSERT INTO `bill` VALUES (807, 2, '11111.00', '1620451293000', 11, 'Wage', 296, '');
INSERT INTO `bill` VALUES (808, 1, '256.00', '1620451456000', 2, 'Clothing', 296, '');
INSERT INTO `bill` VALUES (809, 2, '8523.00', '1620451464000', 13, 'Transfer', 296, '');
INSERT INTO `bill` VALUES (810, 1, '555.00', '1620451546000', 3, 'Transportation', 296, '');
INSERT INTO `bill` VALUES (811, 1, '212.00', '1620698705000', 1, 'Food & Drink', 296, '');
INSERT INTO `bill` VALUES (812, 1, '25.00', '1620705814000', 1, 'Food & Drink', 440, '');
INSERT INTO `bill` VALUES (813, 1, '28.00', '1620718266000', 2, 'Clothing', 441, '');
INSERT INTO `bill` VALUES (815, 1, '662.00', '1620727261000', 5, 'Shop', 427, '');
INSERT INTO `bill` VALUES (816, 1, '33.00', '1557504000000', 1, 'Food & Drink', 427, '');
INSERT INTO `bill` VALUES (817, 1, '3.00', '1609948800000', 10, 'Other', 427, '000\n0');
INSERT INTO `bill` VALUES (818, 1, '12.80', '1620746855000', 4, 'Daily Necessities', 442, '');
INSERT INTO `bill` VALUES (819, 1, '20.00', '1620807956000', 1, 'Food & Drink', 443, '');
INSERT INTO `bill` VALUES (821, 1, '5.00', '1620809261000', 3, 'Transportation', 443, '');
INSERT INTO `bill` VALUES (822, 1, '30.00', '1620809265000', 7, 'Healthcare', 443, '');
INSERT INTO `bill` VALUES (823, 1, '30.00', '1620809265000', 7, 'Healthcare', 443, '');
INSERT INTO `bill` VALUES (824, 1, '21.00', '1620870716000', 1, 'Food & Drink', 296, '');
INSERT INTO `bill` VALUES (826, 1, '123.00', '1621008000000', 6, 'Study', 446, '');
INSERT INTO `bill` VALUES (827, 2, '2558.00', '1621088480000', 13, 'Transfer', 448, '');
INSERT INTO `bill` VALUES (830, 1, '100.00', '1621494769000', 1, 'Food & Drink', 450, '');
INSERT INTO `bill` VALUES (831, 1, '90.00', '1621495774000', 6, 'Study', 451, '');
INSERT INTO `bill` VALUES (832, 1, '99.00', '1621496124000', 2, 'Clothing', 451, '');
INSERT INTO `bill` VALUES (833, 1, '1111.00', '1621518960000', 1, 'Food & Drink', 6, '');
INSERT INTO `bill` VALUES (834, 2, '2.00', '1621736875000', 11, 'Wage', 427, '');
INSERT INTO `bill` VALUES (837, 1, '12.00', '1621815133000', 4, 'Daily Necessities', 28, '');
INSERT INTO `bill` VALUES (838, 1, '100.00', '1621870718000', 1, 'Food & Drink', 396, '');
INSERT INTO `bill` VALUES (839, 1, '100.00', '1616515200000', 1, 'Food & Drink', 396, '');
INSERT INTO `bill` VALUES (840, 1, '255.00', '1621870879000', 4, 'Daily Necessities', 396, '');
INSERT INTO `bill` VALUES (841, 1, '8888.00', '1621870914000', 1, 'Food & Drink', 396, '');
INSERT INTO `bill` VALUES (842, 1, '225.00', '1621871042000', 4, 'Daily Necessities', 396, '');
INSERT INTO `bill` VALUES (843, 1, '5556.00', '1619193600000', 1, 'Food & Drink', 396, '');
INSERT INTO `bill` VALUES (844, 1, '88.00', '1621871105000', 8, 'Travel', 396, '');
INSERT INTO `bill` VALUES (845, 1, '588.00', '1611417600000', 9, 'Socialize', 396, '');
INSERT INTO `bill` VALUES (846, 1, '22.00', '1616515200000', 1, 'Food & Drink', 396, '');
INSERT INTO `bill` VALUES (847, 1, '22.00', '1611417600000', 1, 'Food & Drink', 396, '');
INSERT INTO `bill` VALUES (848, 2, '888.00', '1621871168000', 11, 'Wage', 396, '');
INSERT INTO `bill` VALUES (849, 1, '55.00', '1616515200000', 5, 'Shop', 396, '');
INSERT INTO `bill` VALUES (850, 1, '888.00', '1620403200000', 3, 'Transportation', 396, '');
INSERT INTO `bill` VALUES (851, 1, '155.00', '1621920539000', 1, 'Food & Drink', 396, '看看看看');
INSERT INTO `bill` VALUES (852, 1, '2866.00', '1621267200000', 6, 'Study', 396, '');
INSERT INTO `bill` VALUES (853, 1, '22.00', '1621938573000', 4, 'Daily Necessities', 396, '');
INSERT INTO `bill` VALUES (854, 2, '558.00', '1621938585000', 14, 'Finance', 396, '');
INSERT INTO `bill` VALUES (855, 2, '88.00', '1621938606000', 15, 'Refund', 396, '');
INSERT INTO `bill` VALUES (856, 1, '100.00', '1621955625000', 1, 'Food & Drink', 452, '方便面');
INSERT INTO `bill` VALUES (857, 2, '1000.00', '1621955632000', 11, 'Wage', 452, '');
INSERT INTO `bill` VALUES (858, 1, '62.88', '1621955638000', 2, 'Clothing', 452, '送哦哦哦');
INSERT INTO `bill` VALUES (859, 1, '8.80', '1621785600000', 3, 'Transportation', 452, '');
INSERT INTO `bill` VALUES (860, 2, '888.77', '1621699200000', 15, 'Refund', 452, '');
INSERT INTO `bill` VALUES (861, 1, '999.82', '1621958400000', 5, 'Shop', 452, '面便方');
INSERT INTO `bill` VALUES (862, 1, '55.71', '1621094400000', 4, 'Daily Necessities', 452, '');
INSERT INTO `bill` VALUES (863, 1, '0.10', '1619798400000', 7, 'Healthcare', 452, '');
INSERT INTO `bill` VALUES (864, 1, '997.30', '1621267200000', 8, 'Travel', 452, '');
INSERT INTO `bill` VALUES (865, 2, '8888.00', '1621612800000', 14, 'Finance', 452, '');
INSERT INTO `bill` VALUES (866, 2, '3000.00', '1620921600000', 13, 'Transfer', 452, '');
INSERT INTO `bill` VALUES (867, 1, '0.11', '1622010667000', 7, 'Healthcare', 452, '');
INSERT INTO `bill` VALUES (868, 1, '20.00', '1622014896000', 1, 'Food & Drink', 453, '');
INSERT INTO `bill` VALUES (869, 2, '9300.00', '1622015156000', 11, 'Wage', 453, '');
INSERT INTO `bill` VALUES (870, 1, '1.00', '1622015176000', 1, 'Food & Drink', 453, '');
INSERT INTO `bill` VALUES (871, 1, '2.00', '1622073611000', 1, 'Food & Drink', 427, '');
INSERT INTO `bill` VALUES (872, 1, '3.00', '1622073624000', 4, 'Daily Necessities', 427, '');
INSERT INTO `bill` VALUES (874, 1, '33.00', '1619366400000', 6, 'Study', 427, '');
INSERT INTO `bill` VALUES (875, 1, '580.00', '1622095262000', 2, 'Clothing', 403, '');
INSERT INTO `bill` VALUES (876, 1, '200.00', '1622095270000', 6, 'Study', 403, '');
INSERT INTO `bill` VALUES (877, 1, '524.00', '1622095276000', 4, 'Daily Necessities', 403, '');
INSERT INTO `bill` VALUES (878, 1, '50.00', '1622096439000', 1, 'Food & Drink', 456, '');
INSERT INTO `bill` VALUES (879, 1, '547.00', '1622102400000', 2, 'Clothing', 456, '');
INSERT INTO `bill` VALUES (880, 2, '8888.00', '1622102413000', 11, 'Wage', 456, '');
INSERT INTO `bill` VALUES (881, 1, '5.00', '1622102424000', 3, 'Transportation', 456, '');
INSERT INTO `bill` VALUES (882, 2, '9999.00', '1622102433000', 14, 'Finance', 456, '');
INSERT INTO `bill` VALUES (883, 1, '555.00', '1622104213000', 5, 'Shop', 456, '');
INSERT INTO `bill` VALUES (884, 1, '68.00', '1622104883000', 6, 'Study', 456, '');
INSERT INTO `bill` VALUES (885, 2, '66.00', '1622104888000', 15, 'Refund', 456, '');
INSERT INTO `bill` VALUES (886, 2, '23.00', '1622104900000', 12, 'Bonus', 456, '');
INSERT INTO `bill` VALUES (887, 1, '33.00', '1622104909000', 1, 'Food & Drink', 456, '');
INSERT INTO `bill` VALUES (888, 1, '999.00', '1622105493000', 6, 'Study', 456, '');
INSERT INTO `bill` VALUES (889, 1, '258.00', '1622105689000', 4, 'Daily Necessities', 456, '');
INSERT INTO `bill` VALUES (891, 1, '3.00', '1622120291000', 1, 'Food & Drink', 458, '');
INSERT INTO `bill` VALUES (892, 1, '532.00', '1622122182000', 5, 'Shop', 403, '');
INSERT INTO `bill` VALUES (893, 1, '896.00', '1622122252000', 1, 'Food & Drink', 403, '');
INSERT INTO `bill` VALUES (894, 1, '50.00', '1622178978000', 3, 'Transportation', 6, '');
INSERT INTO `bill` VALUES (895, 1, '68.00', '1622178988000', 5, 'Shop', 6, '');
INSERT INTO `bill` VALUES (896, 1, '99.00', '1622525635000', 3, 'Transportation', 460, '蓝桥打车');
INSERT INTO `bill` VALUES (897, 1, '1000.00', '1622525686000', 6, 'Study', 460, '蓝桥Study');
INSERT INTO `bill` VALUES (898, 1, '500.00', '1622525740000', 1, 'Food & Drink', 460, '');
INSERT INTO `bill` VALUES (899, 2, '9999.00', '1622525751000', 11, 'Wage', 460, '');
INSERT INTO `bill` VALUES (900, 2, '300.00', '1622525767000', 13, 'Transfer', 460, '');
INSERT INTO `bill` VALUES (901, 1, '2.00', '1622547073000', 6, 'Study', 458, '');
INSERT INTO `bill` VALUES (902, 1, '20.00', '1622701983000', 2, 'Clothing', 462, '午饭');
INSERT INTO `bill` VALUES (903, 1, '10.00', '1622702973000', 3, 'Transportation', 462, '');
INSERT INTO `bill` VALUES (904, 1, '12.00', '1622787422000', 2, 'Clothing', 303, '');
INSERT INTO `bill` VALUES (905, 1, '12.00', '1623041552000', 1, 'Food & Drink', 6, '');
INSERT INTO `bill` VALUES (906, 1, '63.00', '1623041559000', 5, 'Shop', 6, '');
INSERT INTO `bill` VALUES (907, 1, '58.00', '1622476800000', 2, 'Clothing', 6, '买件衣服');
INSERT INTO `bill` VALUES (908, 1, '14.00', '1622476800000', 3, 'Transportation', 6, '坐地铁');
INSERT INTO `bill` VALUES (909, 1, '36.00', '1622476800000', 4, 'Daily Necessities', 6, '买洗漱用品');
INSERT INTO `bill` VALUES (910, 2, '2600.00', '1622476800000', 11, 'Wage', 6, '');
INSERT INTO `bill` VALUES (911, 1, '25.00', '1623390740000', 1, 'Food & Drink', 6, '');
INSERT INTO `bill` VALUES (912, 1, '56.00', '1623390915000', 3, 'Transportation', 6, '');
INSERT INTO `bill` VALUES (913, 1, '60.00', '1622563200000', 5, 'Shop', 6, '');
INSERT INTO `bill` VALUES (914, 1, '36.00', '1622563200000', 6, 'Study', 6, '');
INSERT INTO `bill` VALUES (915, 1, '87.00', '1622649600000', 8, 'Travel', 6, '');
INSERT INTO `bill` VALUES (916, 1, '87.00', '1622736000000', 9, 'Socialize', 6, '');
INSERT INTO `bill` VALUES (918, 1, '33.00', '1624372536000', 3, 'Transportation', 6, 'Test1');
INSERT INTO `bill` VALUES (919, 1, '33.00', '1624372588000', 2, 'Clothing', 6, '花裤衩');
INSERT INTO `bill` VALUES (920, 2, '22.00', '1624887455000', 12, 'Bonus', 6, '');
COMMIT;

-- ----------------------------
-- Table structure for type
-- ----------------------------
DROP TABLE IF EXISTS `type`;
CREATE TABLE `type` (
  `id` int(11) NOT NULL AUTO_INCREMENT,
  `name` varchar(255) NOT NULL,
  `type` varchar(255) NOT NULL COMMENT '1: Expense; 2: Income',
  `user_id` int(11) NOT NULL,
  PRIMARY KEY (`id`)
) ENGINE=InnoDB AUTO_INCREMENT=18 DEFAULT CHARSET=utf8;

-- ----------------------------
-- Records of type
-- ----------------------------
BEGIN;
INSERT INTO `type` VALUES (1, 'Food & Drink', '1', 0);
INSERT INTO `type` VALUES (2, 'Clothing', '1', 0);
INSERT INTO `type` VALUES (3, 'Transportation', '1', 0);
INSERT INTO `type` VALUES (4, 'Daily Necessities', '1', 0);
INSERT INTO `type` VALUES (5, 'Shop', '1', 0);
INSERT INTO `type` VALUES (6, 'Study', '1', 0);
INSERT INTO `type` VALUES (7, 'Healthcare', '1', 0);
INSERT INTO `type` VALUES (8, 'Travel', '1', 0);
INSERT INTO `type` VALUES (9, 'Socialize', '1', 0);
INSERT INTO `type` VALUES (10, 'Other', '1', 0);
INSERT INTO `type` VALUES (11, 'Wage', '2', 0);
INSERT INTO `type` VALUES (12, 'Bonus', '2', 0);
INSERT INTO `type` VALUES (13, 'Transfer', '2', 0);
INSERT INTO `type` VALUES (14, 'Finance', '2', 0);
INSERT INTO `type` VALUES (15, 'Refund', '2', 0);
INSERT INTO `type` VALUES (16, 'Other', '2', 0);
INSERT INTO `type` VALUES (17, 'Test', '1', 5);
COMMIT;

-- ----------------------------
-- Table structure for user
-- ----------------------------
DROP TABLE IF EXISTS `user`;
CREATE TABLE `user` (
  `id` int(255) NOT NULL AUTO_INCREMENT,
  `username` varchar(255) NOT NULL,
  `password` varchar(255) NOT NULL,
  `signature` varchar(255) DEFAULT NULL,
  `avatar` varchar(255) DEFAULT NULL,
  PRIMARY KEY (`id`)
) ENGINE=InnoDB AUTO_INCREMENT=465 DEFAULT CHARSET=utf8;

-- ----------------------------
-- Records of user
-- ----------------------------
BEGIN;
INSERT INTO `user` VALUES (4, 'cbq', '111111', 'Independence of spirit, Freedom of thought.。', NULL);
INSERT INTO `user` VALUES (5, '18181818181', '111111', 'Independence of spirit, Freedom of thought.。', NULL);
INSERT INTO `user` VALUES (6, 'admin', '111111', '我是一个个性签名。', 'http://api.chennick.wang/public/upload/20210629/1624975755614.jpeg');
INSERT INTO `user` VALUES (7, '13711113313', '123456', 'Independence of spirit, Freedom of thought.。', NULL);
INSERT INTO `user` VALUES (8, '13711113333', '123456', 'Independence of spirit, Freedom of thought.。', NULL);
INSERT INTO `user` VALUES (9, 'chennick', '111111', 'Independence of spirit, Freedom of thought.。', NULL);
INSERT INTO `user` VALUES (10, 'hhh', '111111', 'Independence of spirit, Freedom of thought.。', NULL);
INSERT INTO `user` VALUES (11, 'cxy', '1111111', 'Independence of spirit, Freedom of thought.。', NULL);
INSERT INTO `user` VALUES (12, '我是Nick', '111111', 'Independence of spirit, Freedom of thought.。', NULL);
INSERT INTO `user` VALUES (13, '18257555358', '123654', '海贼王的男人', NULL);
INSERT INTO `user` VALUES (14, 'administest', '123456', '和平你奶奶\n', NULL);
INSERT INTO `user` VALUES (15, 'superadmin', '123456', 'Independence of spirit, Freedom of thought.。', NULL);
INSERT INTO `user` VALUES (16, '123456', '123456', 'Independence of spirit, Freedom of thought.。', NULL);
INSERT INTO `user` VALUES (17, 'zyz', '123456', 'Independence of spirit, Freedom of thought.。', NULL);
INSERT INTO `user` VALUES (18, 'admin1', 'admin', 'Independence of spirit, Freedom of thought.。', NULL);
INSERT INTO `user` VALUES (19, 'dd', 'ddf', 'Independence of spirit, Freedom of thought.。', NULL);
INSERT INTO `user` VALUES (20, 'yolo123', '123456', 'love and peace', NULL);
INSERT INTO `user` VALUES (21, 'test', '123456', 'Independence of spirit, Freedom of thought.。', NULL);
INSERT INTO `user` VALUES (22, 'a', 'a', 'Independence of spirit, Freedom of thought.。fdf ', NULL);
INSERT INTO `user` VALUES (23, 'ad', '1111', 'Independence of spirit, Freedom of thought.。', NULL);
INSERT INTO `user` VALUES (24, '111', '111', 'Independence of spirit, Freedom of thought.。dsd ', NULL);
INSERT INTO `user` VALUES (25, 'admin11', '1234', 'Independence of spirit, Freedom of thought.。', NULL);
INSERT INTO `user` VALUES (26, 'june', 'june@123456', 'Independence of spirit, Freedom of thought.。', NULL);
INSERT INTO `user` VALUES (27, '15679315082', 'wuli555', 'Independence of spirit, Freedom of thought.。', NULL);
INSERT INTO `user` VALUES (28, '123', '123', 'yuansh', NULL);
INSERT INTO `user` VALUES (29, 'aa', 'aaaaaa', 'Independence of spirit, Freedom of thought.。', NULL);
INSERT INTO `user` VALUES (30, 'abc', 'a', 'Independence of spirit, Freedom of thought.。', NULL);
INSERT INTO `user` VALUES (31, 'lxr', '123456', 'Independence of spirit, Freedom of thought.。', NULL);
INSERT INTO `user` VALUES (32, 'nick1368', '123456', 'Independence of spirit, Freedom of thought.。', NULL);
INSERT INTO `user` VALUES (33, 'fm0721', '123456', 'Independence of spirit, Freedom of thought.。', NULL);
INSERT INTO `user` VALUES (34, '123aaa', '123', 'Independence of spirit, Freedom of thought.。', NULL);
INSERT INTO `user` VALUES (35, 'jiaqi', 'jiaqi426', 'Independence of spirit, Freedom of thought.。乌拉', NULL);
INSERT INTO `user` VALUES (36, '1234444', '123', 'Independence of spirit, Freedom of thought.。', NULL);
INSERT INTO `user` VALUES (37, 'wuqiang', 'wuqiang', 'Independence of spirit, Freedom of thought.。', NULL);
INSERT INTO `user` VALUES (38, '123456789', '123456', 'Independence of spirit, Freedom of thought.。', NULL);
INSERT INTO `user` VALUES (39, 'asdf', '123`', 'Independence of spirit, Freedom of thought.。', NULL);
INSERT INTO `user` VALUES (40, 'xiecj', '123456', 'Independence of spirit, Freedom of thought.。', NULL);
INSERT INTO `user` VALUES (41, 'admin001', 'admin001', 'Independence of spirit, Freedom of thought.。', NULL);
INSERT INTO `user` VALUES (42, 'aaa', 'aaa', 'Independence of spirit, Freedom of thought.。', NULL);
INSERT INTO `user` VALUES (43, 'tttt', '12345', 'Independence of spirit, Freedom of thought.。', NULL);
INSERT INTO `user` VALUES (44, '1746556951', 'ioacity012,', 'Independence of spirit, Freedom of thought.。', NULL);
INSERT INTO `user` VALUES (45, '13121750056', '123', 'Independence of spirit, Freedom of thought.。', NULL);
INSERT INTO `user` VALUES (46, 'xizhouhezai', '123456', 'Independence of spirit, Freedom of thought.。', NULL);
INSERT INTO `user` VALUES (47, '12qw2', 'vfbgvf', 'Independence of spirit, Freedom of thought.。', NULL);
INSERT INTO `user` VALUES (48, 'yjjd', '123456', 'Independence of spirit, Freedom of thought.。', NULL);
INSERT INTO `user` VALUES (49, 'admin1122', '123456', 'Independence of spirit, Freedom of thought.。', NULL);
INSERT INTO `user` VALUES (50, 'zfc', 'zfc', 'Independence of spirit, Freedom of thought.。', NULL);
INSERT INTO `user` VALUES (51, '1700420110', '123456', 'Independence of spirit, Freedom of thought.。', NULL);
INSERT INTO `user` VALUES (52, '123qq', '123456', 'Independence of spirit, Freedom of thought.。', NULL);
INSERT INTO `user` VALUES (53, 'lyy', '123456', 'Independence of spirit, Freedom of thought.。', NULL);
INSERT INTO `user` VALUES (54, '290181662', '123123', 'Independence of spirit, Freedom of thought.。', NULL);
INSERT INTO `user` VALUES (55, '13266337416', '1234567890', 'Independence of spirit, Freedom of thought.。', NULL);
INSERT INTO `user` VALUES (56, 'admin0', 'admin0', 'Independence of spirit, Freedom of thought.。', NULL);
INSERT INTO `user` VALUES (57, '12', '12', 'Independence of spirit, Freedom of thought.。', NULL);
INSERT INTO `user` VALUES (58, '111234', '111', 'Independence of spirit, Freedom of thought.。11111', NULL);
INSERT INTO `user` VALUES (59, '11', '11', 'Independence of spirit, Freedom of thought.。111111', NULL);
INSERT INTO `user` VALUES (60, 'aaaaaa', 'aaaaaa', 'Independence of spirit, Freedom of thought.。', NULL);
INSERT INTO `user` VALUES (61, 'admin2', '123456', 'Independence of spirit, Freedom of thought.。', NULL);
INSERT INTO `user` VALUES (62, '15720615719', '123456', 'Independence of spirit, Freedom of thought.。', NULL);
INSERT INTO `user` VALUES (63, 'abc123', '1123456', 'Independence of spirit, Freedom of thought.。', NULL);
INSERT INTO `user` VALUES (64, 'zyb', '123456', 'Independence of spirit, Freedom of thought.。', NULL);
INSERT INTO `user` VALUES (65, '1056363572@qq.com', '123456', 'Independence of spirit, Freedom of thought.。', NULL);
INSERT INTO `user` VALUES (66, 'admin123', '123', 'Independence of spirit, Freedom of thought.。', NULL);
INSERT INTO `user` VALUES (67, 'lkjh', 'lkjh', 'Independence of spirit, Freedom of thought.。', NULL);
INSERT INTO `user` VALUES (68, 'lkangle', 'lkanglr', 'Independence of spirit, Freedom of thought.。', NULL);
INSERT INTO `user` VALUES (69, 'younizai', 'younizai', 'Independence of spirit, Freedom of thought.。', NULL);
INSERT INTO `user` VALUES (70, 'admin111', '123', 'Independence of spirit, Freedom of thought.。', NULL);
INSERT INTO `user` VALUES (71, 'admin321', 'admin321', 'Independence of spirit, Freedom of thought.。', NULL);
INSERT INTO `user` VALUES (72, '123456a', 'admin', 'Independence of spirit, Freedom of thought.。', NULL);
INSERT INTO `user` VALUES (73, 'admin12306', 'admin', 'Independence of spirit, Freedom of thought.。', NULL);
INSERT INTO `user` VALUES (74, 'admin111111111', 'admin', 'Independence of spirit, Freedom of thought.。', NULL);
INSERT INTO `user` VALUES (75, 'admin12', 'admin', 'Independence of spirit, Freedom of thought.。', NULL);
INSERT INTO `user` VALUES (76, 'test12', '123456', 'Independence of spirit, Freedom of thought.。', NULL);
INSERT INTO `user` VALUES (77, 'admin007', 'admin', '红红火火恍恍惚惚', NULL);
INSERT INTO `user` VALUES (78, 'ceshi', 'ceshi', 'Independence of spirit, Freedom of thought.。', NULL);
INSERT INTO `user` VALUES (79, 'abcd', 'efgh', 'Independence of spirit, Freedom of thought.。', NULL);
INSERT INTO `user` VALUES (80, '1', '1', '11', NULL);
INSERT INTO `user` VALUES (81, 'akai', 'dyk', 'Independence of spirit, Freedom of thought.。oh yeah!123', NULL);
INSERT INTO `user` VALUES (82, '1233', '123', 'Independence of spirit, Freedom of thought.。', NULL);
INSERT INTO `user` VALUES (83, '111q', '222', 'Independence of spirit, Freedom of thought.。', NULL);
INSERT INTO `user` VALUES (84, 'admin12345', 'admin12345', 'fdjfodfodfidfhdjkfek', NULL);
INSERT INTO `user` VALUES (85, 'hy123409', '123456', 'Independence of spirit, Freedom of thought.。', NULL);
INSERT INTO `user` VALUES (86, 'qweqwe', 'qweqwe', 'Independence of spirit, Freedom of thought.。', NULL);
INSERT INTO `user` VALUES (87, 'walter3702', 'mlc883019', 'Independence of spirit, Freedom of thought.。', NULL);
INSERT INTO `user` VALUES (88, 'xikun', '123', 'Independence of spirit, Freedom of thought.。', NULL);
INSERT INTO `user` VALUES (89, 'lucky', 'abc123ABC', 'Independence of spirit, Freedom of thought.。', NULL);
INSERT INTO `user` VALUES (90, 'aaa1234', '123456', 'Independence of spirit, Freedom of thought.。', NULL);
INSERT INTO `user` VALUES (91, '的点点滴滴', '123456', 'Independence of spirit, Freedom of thought.。', NULL);
INSERT INTO `user` VALUES (92, 'root', '123', 'Independence of spirit, Freedom of thought.。', NULL);
INSERT INTO `user` VALUES (93, '0000', '123456', 'Independence of spirit, Freedom of thought.。', NULL);
INSERT INTO `user` VALUES (94, 'littmm', '1234', 'Independence of spirit, Freedom of thought.。', NULL);
INSERT INTO `user` VALUES (95, '1111', '1111', 'Independence of spirit, Freedom of thought.。', NULL);
INSERT INTO `user` VALUES (96, 'admin22', '123456', 'Independence of spirit, Freedom of thought.。', NULL);
INSERT INTO `user` VALUES (97, '449', '123456', 'Independence of spirit, Freedom of thought.。123', NULL);
INSERT INTO `user` VALUES (98, 'codelh', 'lh123456', 'Independence of spirit, Freedom of thought.。', NULL);
INSERT INTO `user` VALUES (99, 'admina', 'admina', 'Independence of spirit, Freedom of thought.。', NULL);
INSERT INTO `user` VALUES (100, 'HanaJing', '123456', 'Independence of spirit, Freedom of thought.。', NULL);
INSERT INTO `user` VALUES (101, 'zxfjd3g', 'amomo163', 'Independence of spirit, Freedom of thought.。', NULL);
INSERT INTO `user` VALUES (102, 't', '123456', 'Independence of spirit, Freedom of thought.。', NULL);
INSERT INTO `user` VALUES (103, 'dsadsa', 'dsdsadsa', 'Independence of spirit, Freedom of thought.。', NULL);
INSERT INTO `user` VALUES (104, 'test007', '123456', 'Independence of spirit, Freedom of thought.。', NULL);
INSERT INTO `user` VALUES (105, '123111', '123', 'Independence of spirit, Freedom of thought.。', NULL);
INSERT INTO `user` VALUES (106, 'aaaa', '1111', 'Independence of spirit, Freedom of thought.。', NULL);
INSERT INTO `user` VALUES (107, '123qqq', '123', 'Independence of spirit, Freedom of thought.。', NULL);
INSERT INTO `user` VALUES (108, 'test123', '123456', 'Independence of spirit, Freedom of thought.。', NULL);
INSERT INTO `user` VALUES (109, 'angeltor', 'bluesky', 'Independence of spirit, Freedom of thought.。', NULL);
INSERT INTO `user` VALUES (110, 'admin111222', 'admin111222', 'Independence of spirit, Freedom of thought.。', NULL);
INSERT INTO `user` VALUES (111, '15833501729', '15833501729', 'Independence of spirit, Freedom of thought.。', NULL);
INSERT INTO `user` VALUES (112, '1938531151@qq.com', '123456', 'Independence of spirit, Freedom of thought.。', NULL);
INSERT INTO `user` VALUES (113, '呵呵哈哈ABC123', '123abc', 'Independence of spirit, Freedom of thought.。2222', NULL);
INSERT INTO `user` VALUES (114, 'xurui', '2231253', 'Independence of spirit, Freedom of thought.。', NULL);
INSERT INTO `user` VALUES (115, '1212', '2', 'Independence of spirit, Freedom of thought.。', NULL);
INSERT INTO `user` VALUES (116, 'test222', 'test222', 'Independence of spirit, Freedom of thought.。', NULL);
INSERT INTO `user` VALUES (117, 'liuwk', '101207302das', '世界太乱。', NULL);
INSERT INTO `user` VALUES (118, 'xxgw1997', 'xxgw1997', 'Independence of spirit, Freedom of thought.。', NULL);
INSERT INTO `user` VALUES (119, 'woshixiaoxiannv', 'tiantain23', 'hahahaha', NULL);
INSERT INTO `user` VALUES (120, 'admin01', '1', 'Independence of spirit, Freedom of thought.。', NULL);
INSERT INTO `user` VALUES (121, 'admin2021', 'admin2021', 'Independence of spirit, Freedom of thought.。', NULL);
INSERT INTO `user` VALUES (122, 'viptv', '101101', 'Independence of spirit, Freedom of thought.。', NULL);
INSERT INTO `user` VALUES (123, 'lxs', '123', 'Independence of spirit, Freedom of thought.。', NULL);
INSERT INTO `user` VALUES (124, 'xiaoyizhen', 'tiantian23', 'Independence of spirit, Freedom of thought.。', NULL);
INSERT INTO `user` VALUES (125, 'admin222', 'amdin', 'Independence of spirit, Freedom of thought.。', NULL);
INSERT INTO `user` VALUES (126, '12345', '123', 'Independence of spirit, Freedom of thought.。', NULL);
INSERT INTO `user` VALUES (127, 'q123', '123', 'Independence of spirit, Freedom of thought.。', NULL);
INSERT INTO `user` VALUES (128, 'admin123456', 'admin', 'Independence of spirit, Freedom of thought.。', NULL);
INSERT INTO `user` VALUES (129, 'hehe', 'r', 'Independence of spirit, Freedom of thought.。', NULL);
INSERT INTO `user` VALUES (130, '110', '123123', 'Independence of spirit, Freedom of thought.。', NULL);
INSERT INTO `user` VALUES (131, 'User', 'password', 'Independence of spirit, Freedom of thought.。', NULL);
INSERT INTO `user` VALUES (132, 'vueadmin', 'naPdyt-6sorqu-zampyc', 'Independence of spirit, Freedom of thought.。', NULL);
INSERT INTO `user` VALUES (133, 'Andsoon', 'andsoon', 'Independence of spirit, Freedom of thought.。', NULL);
INSERT INTO `user` VALUES (134, '188999', '1', 'Independence of spirit, Freedom of thought.。', NULL);
INSERT INTO `user` VALUES (135, 'admin135', '123456', 'Independence of spirit, Freedom of thought.。', NULL);
INSERT INTO `user` VALUES (136, 'test01', 'test', 'Independence of spirit, Freedom of thought.。ggg', NULL);
INSERT INTO `user` VALUES (137, 'danmo', '1233211234', 'Independence of spirit, Freedom of thought.。', NULL);
INSERT INTO `user` VALUES (138, 'root111', 'root', 'Independence of spirit, Freedom of thought.。', NULL);
INSERT INTO `user` VALUES (139, '12345666', '12345666', 'Independence of spirit, Freedom of thought.。', NULL);
INSERT INTO `user` VALUES (140, 'super202', '123456', 'Independence of spirit, Freedom of thought.。123', NULL);
INSERT INTO `user` VALUES (141, 'passwall', '123qwe', 'Independence of spirit, Freedom of thought.。', NULL);
INSERT INTO `user` VALUES (142, 'kaiji', 'kaiji', 'Independence of spirit, Freedom of thought.。', NULL);
INSERT INTO `user` VALUES (143, 'qaz', '123', 'Independence of spirit, Freedom of thought.。', NULL);
INSERT INTO `user` VALUES (144, '111222', '111', 'Independence of spirit, Freedom of thought.。', NULL);
INSERT INTO `user` VALUES (145, 'luvky', 'lucky', 'Independence of spirit, Freedom of thought.。', NULL);
INSERT INTO `user` VALUES (146, '123m', '123456', 'Independence of spirit, Freedom of thought.。', NULL);
INSERT INTO `user` VALUES (147, 'xm123', '123456', 'Independence of spirit, Freedom of thought.。', NULL);
INSERT INTO `user` VALUES (148, 'hbhb', 'hbhb', 'Independence of spirit, Freedom of thought.。', NULL);
INSERT INTO `user` VALUES (149, 'vrcat', '123456', 'Independence of spirit, Freedom of thought.。', NULL);
INSERT INTO `user` VALUES (150, '11112', '11112', 'Independence of spirit, Freedom of thought.。', NULL);
INSERT INTO `user` VALUES (151, 'kkk12345', '111111', 'Independence of spirit, Freedom of thought.。', NULL);
INSERT INTO `user` VALUES (152, '121212', '123456', 'Independence of spirit, Freedom of thought.。', NULL);
INSERT INTO `user` VALUES (153, 'zths000', 'zths000', 'Independence of spirit, Freedom of thought.。', NULL);
INSERT INTO `user` VALUES (154, 'bushitan', 'w3214560', 'Independence of spirit, Freedom of thought.。', NULL);
INSERT INTO `user` VALUES (155, 'a123', 'a123', 'Independence of spirit, Freedom of thought.。', NULL);
INSERT INTO `user` VALUES (156, 'Asd123', '123456$', 'Independence of spirit, Freedom of thought.。', NULL);
INSERT INTO `user` VALUES (157, 'qiqiqiqi', '111111', 'Independence of spirit, Freedom of thought.。', NULL);
INSERT INTO `user` VALUES (158, '123466', '223', 'Independence of spirit, Freedom of thought.。', NULL);
INSERT INTO `user` VALUES (159, 'admi', 'admi', 'Independence of spirit, Freedom of thought.。', NULL);
INSERT INTO `user` VALUES (160, 'yeseven', '5154461a', 'Independence of spirit, Freedom of thought.。', NULL);
INSERT INTO `user` VALUES (161, 'xiaobing', 'qwerasdf', 'Independence of spirit, Freedom of thought.。', NULL);
INSERT INTO `user` VALUES (162, 'wgr789', '789', 'Independence of spirit, Freedom of thought.。', NULL);
INSERT INTO `user` VALUES (163, 'qweasd', '123456', 'Independence of spirit, Freedom of thought.。', NULL);
INSERT INTO `user` VALUES (164, '123a123', '123', 'Independence of spirit, Freedom of thought.。', NULL);
INSERT INTO `user` VALUES (165, 'ffox', '123456', 'Independence of spirit, Freedom of thought.。', NULL);
INSERT INTO `user` VALUES (166, '张三', '888888', 'Independence of spirit, Freedom of thought.。', NULL);
INSERT INTO `user` VALUES (167, 'yy123', 'qwertyuiop123', 'Independence of spirit, Freedom of thought.。', NULL);
INSERT INTO `user` VALUES (168, 'wong', '123456', 'Independence of spirit, Freedom of thought.。', NULL);
INSERT INTO `user` VALUES (169, '1433223', '616313', '30岁之前离开', NULL);
INSERT INTO `user` VALUES (170, '陀螺仪', '123456', 'Independence of spirit, Freedom of thought.。', NULL);
INSERT INTO `user` VALUES (171, 'aaa2120', '123123', 'Independence of spirit, Freedom of thought.。', NULL);
INSERT INTO `user` VALUES (172, 'liuxiangtest', 'zzcasd', 'Independence of spirit, Freedom of thought.。', NULL);
INSERT INTO `user` VALUES (173, '111111', '111111', 'Independence of spirit, Freedom of thought.。', NULL);
INSERT INTO `user` VALUES (174, '13533232666', '123456', 'Independence of spirit, Freedom of thought.。', NULL);
INSERT INTO `user` VALUES (175, 'Shengying', '123456789', 'Independence of spirit, Freedom of thought.。', NULL);
INSERT INTO `user` VALUES (176, '133', 'qwe', 'Independence of spirit, Freedom of thought.。', NULL);
INSERT INTO `user` VALUES (177, '1234', '1234', '世界核平！！！！', NULL);
INSERT INTO `user` VALUES (178, 'lanqiao123456789', '123456789', 'Independence of spirit, Freedom of thought.。', NULL);
INSERT INTO `user` VALUES (179, 'jarry', '1023382453qq', 'Independence of spirit, Freedom of thought.。', NULL);
INSERT INTO `user` VALUES (180, 'yyyy987', 'yyyy987', 'Independence of spirit, Freedom of thought.。', NULL);
INSERT INTO `user` VALUES (181, 'test001', 'test001', 'Independence of spirit, Freedom of thought.。', NULL);
INSERT INTO `user` VALUES (182, '111111sds', '11111111', 'Independence of spirit, Freedom of thought.。', NULL);
INSERT INTO `user` VALUES (183, 'bcde', '123456', 'Independence of spirit, Freedom of thought.。', NULL);
INSERT INTO `user` VALUES (184, 'asd', '123456', 'Independence of spirit, Freedom of thought.。', NULL);
INSERT INTO `user` VALUES (185, 'Qqq', 'qq', 'Independence of spirit, Freedom of thought.。', NULL);
INSERT INTO `user` VALUES (186, '1237ydjf', '456', 'Independence of spirit, Freedom of thought.。', NULL);
INSERT INTO `user` VALUES (187, '66666', '666666', '记账', NULL);
INSERT INTO `user` VALUES (188, 'ytllll', '1q2w3e4r', 'Independence of spirit, Freedom of thought.。', NULL);
INSERT INTO `user` VALUES (189, '1113', '1113', 'Independence of spirit, Freedom of thought.。', NULL);
INSERT INTO `user` VALUES (190, '124', '123', 'Independence of spirit, Freedom of thought.。', NULL);
INSERT INTO `user` VALUES (191, 'siriuslee', 'siriuslee123', 'Independence of spirit, Freedom of thought.。', NULL);
INSERT INTO `user` VALUES (192, '565845', '565845', 'Independence of spirit, Freedom of thought.。', NULL);
INSERT INTO `user` VALUES (193, 'admin123123', 'admin', 'Independence of spirit, Freedom of thought.。', NULL);
INSERT INTO `user` VALUES (194, 'didos', 'liaobu', 'Independence of spirit, Freedom of thought.。', NULL);
INSERT INTO `user` VALUES (195, 'aaaaa', '111', 'Independence of spirit, Freedom of thought.。', NULL);
INSERT INTO `user` VALUES (196, 'xx', '123', 'Independence of spirit, Freedom of thought.。', NULL);
INSERT INTO `user` VALUES (197, 'ljl', 'ljl', 'Independence of spirit, Freedom of thought.。', NULL);
INSERT INTO `user` VALUES (198, 'claus_fj@qq.com', 'vuvuctc#hhsh“kskk', 'Independence of spirit, Freedom of thought.。', NULL);
INSERT INTO `user` VALUES (199, 'adminq', 'admin', 'Independence of spirit, Freedom of thought.。', NULL);
INSERT INTO `user` VALUES (200, 'aaaccc', '111111', 'Independence of spirit, Freedom of thought.。', NULL);
INSERT INTO `user` VALUES (201, '13029666001', '666001', 'Independence of spirit, Freedom of thought.。', NULL);
INSERT INTO `user` VALUES (202, '19408020223', '529213215c', 'Independence of spirit, Freedom of thought.。', NULL);
INSERT INTO `user` VALUES (203, 'lvan', '181637', 'Independence of spirit, Freedom of thought.。  ', NULL);
INSERT INTO `user` VALUES (204, 'admin456123', '123456', 'Independence of spirit, Freedom of thought.。', NULL);
INSERT INTO `user` VALUES (205, 'ice9999', '123456qwe', 'Independence of spirit, Freedom of thought.。', NULL);
INSERT INTO `user` VALUES (206, '123qw', 'qwerty123', 'Independence of spirit, Freedom of thought.。', NULL);
INSERT INTO `user` VALUES (207, 'tk', 'tk', 'Independence of spirit, Freedom of thought.。？', NULL);
INSERT INTO `user` VALUES (208, 'jiufafeng', 'jiufafeng', 'Independence of spirit, Freedom of thought.。', NULL);
INSERT INTO `user` VALUES (209, 'jimmy', '1q2w3e', 'Independence of spirit, Freedom of thought.。', NULL);
INSERT INTO `user` VALUES (210, '12345678910', '12345678910', 'Independence of spirit, Freedom of thought.。', NULL);
INSERT INTO `user` VALUES (211, 'god123', '123456789', 'Independence of spirit, Freedom of thought.。', NULL);
INSERT INTO `user` VALUES (212, 'jonny', '007008', 'Independence of spirit, Freedom of thought.。', NULL);
INSERT INTO `user` VALUES (213, 'taobao', 'taobao', 'Independence of spirit, Freedom of thought.。', NULL);
INSERT INTO `user` VALUES (214, 'lmq', '123456', 'Independence of spirit, Freedom of thought.。', NULL);
INSERT INTO `user` VALUES (215, '1260449971', 'qwe123', 'Independence of spirit, Freedom of thought.。', NULL);
INSERT INTO `user` VALUES (216, 'shihom', '998101', 'Independence of spirit, Freedom of thought.。', NULL);
INSERT INTO `user` VALUES (217, '362652565@qq.com', '8835132', 'Independence of spirit, Freedom of thought.。', NULL);
INSERT INTO `user` VALUES (218, 'zzb', 'bang0309', 'Independence of spirit, Freedom of thought.。', NULL);
INSERT INTO `user` VALUES (219, '18612380060', '18612380060', '谢谢', NULL);
INSERT INTO `user` VALUES (220, 'admin333', 'admin333', 'Independence of spirit, Freedom of thought.。', NULL);
INSERT INTO `user` VALUES (221, 'balala', 'balala123456', 'Independence of spirit, Freedom of thought.。', NULL);
INSERT INTO `user` VALUES (222, '13140167758', '123456', 'Independence of spirit, Freedom of thought.。', NULL);
INSERT INTO `user` VALUES (223, 'demo_show2', 'aaaaaaa', 'Independence of spirit, Freedom of thought.。', NULL);
INSERT INTO `user` VALUES (224, 'demo_show', '12345678', 'Independence of spirit, Freedom of thought.。', NULL);
INSERT INTO `user` VALUES (225, '20194044', '123', 'Independence of spirit, Freedom of thought.。', NULL);
INSERT INTO `user` VALUES (226, 'test78', '123456', 'Independence of spirit, Freedom of thought.。', NULL);
INSERT INTO `user` VALUES (227, 'test99', '123456', 'Independence of spirit, Freedom of thought.。', NULL);
INSERT INTO `user` VALUES (228, 'bjhyn', '123456', 'Independence of spirit, Freedom of thought.。', NULL);
INSERT INTO `user` VALUES (229, 'dongdongwoshishi', 'shishijiushishi', 'Independence of spirit, Freedom of thought.。', NULL);
INSERT INTO `user` VALUES (230, '15216838920', '123456', 'Independence of spirit, Freedom of thought.。', NULL);
INSERT INTO `user` VALUES (231, '123lll', '456', 'Independence of spirit, Freedom of thought.。', NULL);
INSERT INTO `user` VALUES (232, '0987654321', '123456', 'Independence of spirit, Freedom of thought.。', NULL);
INSERT INTO `user` VALUES (233, '123456ww', '123456ww', 'Independence of spirit, Freedom of thought.。', NULL);
INSERT INTO `user` VALUES (234, 'test001007', 'test', 'Independence of spirit, Freedom of thought.。', NULL);
INSERT INTO `user` VALUES (235, '1131559748', '1131559748', 'Independence of spirit, Freedom of thought.。', NULL);
INSERT INTO `user` VALUES (236, 'test02', 'test01', 'Independence of spirit, Freedom of thought.。', NULL);
INSERT INTO `user` VALUES (237, 'zy', 'admin', 'Independence of spirit, Freedom of thought.。', NULL);
INSERT INTO `user` VALUES (238, 'haha', '123456', 'Independence of spirit, Freedom of thought.。', NULL);
INSERT INTO `user` VALUES (239, 'minioadmin', '123456', 'Independence of spirit, Freedom of thought.。', NULL);
INSERT INTO `user` VALUES (240, 'smith', '123456', '郑浩最帅', NULL);
INSERT INTO `user` VALUES (241, 'jianliulin', '123456', 'Independence of spirit, Freedom of thought.。', NULL);
INSERT INTO `user` VALUES (242, '123456890', '123456', '我爱这个世界', NULL);
INSERT INTO `user` VALUES (243, 'att', 'aaa', 'Independence of spirit, Freedom of thought.。', NULL);
INSERT INTO `user` VALUES (244, '15510321117', '123', 'Independence of spirit, Freedom of thought.。', NULL);
INSERT INTO `user` VALUES (245, 'vgrpc', '123123', 'Independence of spirit, Freedom of thought.。', NULL);
INSERT INTO `user` VALUES (246, 'dalei', 'cl920576429', 'Independence of spirit, Freedom of thought.。', NULL);
INSERT INTO `user` VALUES (247, 'admin1111', 'ad', 'Independence of spirit, Freedom of thought.。', NULL);
INSERT INTO `user` VALUES (248, 'zhang_chenghao', 'aaaaaa', 'Independence of spirit, Freedom of thought.。', NULL);
INSERT INTO `user` VALUES (249, 'qwpo', '123456', 'Independence of spirit, Freedom of thought.。', NULL);
INSERT INTO `user` VALUES (250, '112233', '112233', '和平分手。', NULL);
INSERT INTO `user` VALUES (251, 'admin1234567890', 'admin', '世界毁灭', NULL);
INSERT INTO `user` VALUES (252, 'tgx', '123', 'Independence of spirit, Freedom of thought.。', NULL);
INSERT INTO `user` VALUES (253, 'qsadmin', '123456', 'Independence of spirit, Freedom of thought.。', NULL);
INSERT INTO `user` VALUES (254, 'Aaaaaddfg', '123456', 'Independence of spirit, Freedom of thought.。', NULL);
INSERT INTO `user` VALUES (255, 'j342622662', '123', 'Independence of spirit, Freedom of thought.。', NULL);
INSERT INTO `user` VALUES (256, 'adminad', 'adminad', 'Independence of spirit, Freedom of thought.。', NULL);
INSERT INTO `user` VALUES (257, '1122', '1', 'Independence of spirit, Freedom of thought.。', NULL);
INSERT INTO `user` VALUES (258, '1123', '1123', 'Independence of spirit, Freedom of thought.。', NULL);
INSERT INTO `user` VALUES (259, '12312', '12312', 'Independence of spirit, Freedom of thought.。', NULL);
INSERT INTO `user` VALUES (260, 'adminy', '123456', 'Independence of spirit, Freedom of thought.。', NULL);
INSERT INTO `user` VALUES (261, 'ggg554', '123', 'Independence of spirit, Freedom of thought.。', NULL);
INSERT INTO `user` VALUES (262, '15640186550', '15640186550', 'Independence of spirit, Freedom of thought.。', NULL);
INSERT INTO `user` VALUES (263, 'ijmd', 'wertyu', 'Independence of spirit, Freedom of thought.。', NULL);
INSERT INTO `user` VALUES (264, 'fangliwei', '123456', 'Independence of spirit, Freedom of thought.。', NULL);
INSERT INTO `user` VALUES (265, 'sdf', 'dsf', 'Independence of spirit, Freedom of thought.。', NULL);
INSERT INTO `user` VALUES (266, 'ninglupeng@163.com', '123456', 'Independence of spirit, Freedom of thought.。', NULL);
INSERT INTO `user` VALUES (267, '234567890', '200809', 'Independence of spirit, Freedom of thought.。', NULL);
INSERT INTO `user` VALUES (268, 'admi123456', '123456', 'Independence of spirit, Freedom of thought.。', NULL);
INSERT INTO `user` VALUES (269, '123321', '213', 'Independence of spirit, Freedom of thought.。', NULL);
INSERT INTO `user` VALUES (270, 'yytest', '123123', 'Independence of spirit, Freedom of thought.。1', NULL);
INSERT INTO `user` VALUES (271, 'VIM', '1', 'GENGQ', NULL);
INSERT INTO `user` VALUES (272, 'qazxsw', 'qazxsw', 'Independence of spirit, Freedom of thought.。', NULL);
INSERT INTO `user` VALUES (273, '1218609365', 'test123', 'Independence of spirit, Freedom of thought.。', NULL);
INSERT INTO `user` VALUES (274, '233280', '233280', 'Independence of spirit, Freedom of thought.。', NULL);
INSERT INTO `user` VALUES (275, 'spoem777', '1234567', 'Independence of spirit, Freedom of thought.。', NULL);
INSERT INTO `user` VALUES (276, 'yuwen', 'yuwen', 'Independence of spirit, Freedom of thought.。', NULL);
INSERT INTO `user` VALUES (277, 'a123456', '123456', '奥利给', NULL);
INSERT INTO `user` VALUES (278, '100001', '100001', 'Independence of spirit, Freedom of thought.。', NULL);
INSERT INTO `user` VALUES (279, '1111112', '1111112', 'Independence of spirit, Freedom of thought.。', NULL);
INSERT INTO `user` VALUES (280, 'qwe', '456', 'Independence of spirit, Freedom of thought.。\nez\n', NULL);
INSERT INTO `user` VALUES (281, '15705601876', '19950427', 'Independence of spirit, Freedom of thought.。', NULL);
INSERT INTO `user` VALUES (282, 'ledde', '123456', 'Independence of spirit, Freedom of thought.。', NULL);
INSERT INTO `user` VALUES (283, '2', '2', 'Independence of spirit, Freedom of thought.。', NULL);
INSERT INTO `user` VALUES (284, '14', '1', 'Independence of spirit, Freedom of thought.。', NULL);
INSERT INTO `user` VALUES (285, '13911111111', '123', 'Independence of spirit, Freedom of thought.。', NULL);
INSERT INTO `user` VALUES (286, 'cs0000001', 'ceshi', 'Independence of spirit, Freedom of thought.。', NULL);
INSERT INTO `user` VALUES (287, '1234560987', '098765', 'Independence of spirit, Freedom of thought.。', NULL);
INSERT INTO `user` VALUES (288, '哈哈哈', '111', 'Independence of spirit, Freedom of thought.。', NULL);
INSERT INTO `user` VALUES (289, 'uglyp', 'qsk113456', 'Independence of spirit, Freedom of thought.。', NULL);
INSERT INTO `user` VALUES (290, '123123', '123123', 'Independence of spirit, Freedom of thought.。', NULL);
INSERT INTO `user` VALUES (291, 'nickname', '123456', 'Independence of spirit, Freedom of thought.。', NULL);
INSERT INTO `user` VALUES (292, 'admin1111xxx', 'zzzxxx', 'Independence of spirit, Freedom of thought.。', NULL);
INSERT INTO `user` VALUES (293, '123123321', '123', 'Independence of spirit, Freedom of thought.。', NULL);
INSERT INTO `user` VALUES (294, '13221111112', '123456', 'Independence of spirit, Freedom of thought.。', NULL);
INSERT INTO `user` VALUES (295, 'a12345', '111111', 'Independence of spirit, Freedom of thought.。', NULL);
INSERT INTO `user` VALUES (296, '1114219521@qq.com', 'hahahaha123', '瓜瓜请听题', NULL);
INSERT INTO `user` VALUES (297, 'a569781231', '123123', 'Independence of spirit, Freedom of thought.。', NULL);
INSERT INTO `user` VALUES (298, 'fishball', '12345', 'Independence of spirit, Freedom of thought.。', NULL);
INSERT INTO `user` VALUES (299, '123454654646', '5564654', 'Independence of spirit, Freedom of thought.。', NULL);
INSERT INTO `user` VALUES (300, 'editor', '12345', 'Independence of spirit, Freedom of thought.。', NULL);
INSERT INTO `user` VALUES (301, 'dsf', 'abc', 'Independence of spirit, Freedom of thought.。11', NULL);
INSERT INTO `user` VALUES (302, 'tanliangbang', 'tanliangbang', 'Independence of spirit, Freedom of thought.。', NULL);
INSERT INTO `user` VALUES (303, 'xnclak', 'cx123303', 'Independence of spirit, Freedom of thought.。', NULL);
INSERT INTO `user` VALUES (304, '1234566', '123', 'Independence of spirit, Freedom of thought.。', NULL);
INSERT INTO `user` VALUES (305, 'fudjrb', '1', 'Independence of spirit, Freedom of thought.。', NULL);
INSERT INTO `user` VALUES (306, 'fangliwei1', '123', 'Independence of spirit, Freedom of thought.。', NULL);
INSERT INTO `user` VALUES (307, 'wd', '123456', 'Independence of spirit, Freedom of thought.。', NULL);
INSERT INTO `user` VALUES (308, 'wd1', '123456', 'Independence of spirit, Freedom of thought.。', NULL);
INSERT INTO `user` VALUES (309, '117660228@qq.com', '123456', 'Independence of spirit, Freedom of thought.。', NULL);
INSERT INTO `user` VALUES (310, '15886773581', '111111', 'Independence of spirit, Freedom of thought.。', NULL);
INSERT INTO `user` VALUES (311, '51116', '123456', 'Independence of spirit, Freedom of thought.。', NULL);
INSERT INTO `user` VALUES (312, 'admin11111', 'admin', 'Independence of spirit, Freedom of thought.。', NULL);
INSERT INTO `user` VALUES (313, 'xinhuatest', '123456', 'Independence of spirit, Freedom of thought.。', NULL);
INSERT INTO `user` VALUES (314, 'qwerty', 'qwerty', 'Independence of spirit, Freedom of thought.。', NULL);
INSERT INTO `user` VALUES (315, 'supply', '111111', 'Independence of spirit, Freedom of thought.。', NULL);
INSERT INTO `user` VALUES (316, 'yue', '123456', 'Independence of spirit, Freedom of thought.。', NULL);
INSERT INTO `user` VALUES (317, 'xywtest', 'xywtest', 'Independence of spirit, Freedom of thought.。', NULL);
INSERT INTO `user` VALUES (318, 'wly', 'asdf1234', 'Independence of spirit, Freedom of thought.。', NULL);
INSERT INTO `user` VALUES (319, '15650053242', '123123', 'Independence of spirit, Freedom of thought.。', NULL);
INSERT INTO `user` VALUES (320, 'tt123', 'tt123456', 'Independence of spirit, Freedom of thought.。', NULL);
INSERT INTO `user` VALUES (321, '小明', '123', 'Independence of spirit, Freedom of thought.。', NULL);
INSERT INTO `user` VALUES (322, 'mtink', '123456', 'Independence of spirit, Freedom of thought.。', NULL);
INSERT INTO `user` VALUES (323, 'nuoers', 'nuoers08', 'Independence of spirit, Freedom of thought.。', NULL);
INSERT INTO `user` VALUES (324, 'delfws', '123456', 'Independence of spirit, Freedom of thought.。', NULL);
INSERT INTO `user` VALUES (325, 'artsmp', 'artsmp', 'Independence of spirit, Freedom of thought.。', NULL);
INSERT INTO `user` VALUES (326, 'ak123456', '123456', 'Independence of spirit, Freedom of thought.。', NULL);
INSERT INTO `user` VALUES (327, 'admin789', 'admin789', 'Independence of spirit, Freedom of thought.。', NULL);
INSERT INTO `user` VALUES (328, '13682908314', '123456', 'Independence of spirit, Freedom of thought.。99', NULL);
INSERT INTO `user` VALUES (329, 'adminzhufeng', 'admin', 'Independence of spirit, Freedom of thought.。', NULL);
INSERT INTO `user` VALUES (330, '123456789aa', '123456789', 'Independence of spirit, Freedom of thought.。', NULL);
INSERT INTO `user` VALUES (331, 'zjnldx', '123456', 'Independence of spirit, Freedom of thought.。', NULL);
INSERT INTO `user` VALUES (332, 'yyy123', '123456', 'Independence of spirit, Freedom of thought.。', NULL);
INSERT INTO `user` VALUES (333, 'test11', 'test11', 'Independence of spirit, Freedom of thought.。', NULL);
INSERT INTO `user` VALUES (334, '1314', '666666', 'Independence of spirit, Freedom of thought.。', NULL);
INSERT INTO `user` VALUES (335, 'wanghai', 'wanghai', 'Independence of spirit, Freedom of thought.haha ', NULL);
INSERT INTO `user` VALUES (336, 'sz', '123456', 'Independence of spirit, Freedom of thought.。', NULL);
INSERT INTO `user` VALUES (337, '111111111', '1', 'Independence of spirit, Freedom of thought.。', NULL);
INSERT INTO `user` VALUES (338, 'service2', '123456', 'Independence of spirit, Freedom of thought.。', NULL);
INSERT INTO `user` VALUES (339, '19927639595', '123456', 'Independence of spirit, Freedom of thought.。', NULL);
INSERT INTO `user` VALUES (340, '111111111111', '1', 'Independence of spirit, Freedom of thought.。', NULL);
INSERT INTO `user` VALUES (341, 'wungjyan', '123456', 'Independence of spirit, Freedom of thought.。', NULL);
INSERT INTO `user` VALUES (342, '321', '123', 'Independence of spirit, Freedom of thought.。', NULL);
INSERT INTO `user` VALUES (343, 'admin1234', '1234', 'Independence of spirit, Freedom of thought.。', NULL);
INSERT INTO `user` VALUES (344, 'sss', '123', 'Independence of spirit, Freedom of thought.。', NULL);
INSERT INTO `user` VALUES (345, '15621111111', 'xxx123456', 'Independence of spirit, Freedom of thought.。', NULL);
INSERT INTO `user` VALUES (346, 'test_abc', 'test_abc', 'Independence of spirit, Freedom of thought.。', NULL);
INSERT INTO `user` VALUES (347, '123a', '123', 'Independence of spirit, Freedom of thought.。', NULL);
INSERT INTO `user` VALUES (348, '1232132131212', '33213', 'Independence of spirit, Freedom of thought.。', NULL);
INSERT INTO `user` VALUES (349, 'taoranran', '961222', 'Independence of spirit, Freedom of thought.。', NULL);
INSERT INTO `user` VALUES (350, '11111', '11111', 'Independence of spirit, Freedom of thought.。', NULL);
INSERT INTO `user` VALUES (351, 'haha111', '123456', 'Independence of spirit, Freedom of thought.。', NULL);
INSERT INTO `user` VALUES (352, '15010960771', '123456', 'Independence of spirit, Freedom of thought.。', NULL);
INSERT INTO `user` VALUES (353, 'abb', 'abb', 'Independence of spirit, Freedom of thought.995559。', NULL);
INSERT INTO `user` VALUES (354, '1122331', '22', 'Independence of spirit, Freedom of thought.。', NULL);
INSERT INTO `user` VALUES (355, 'tesxt', '123456', 'Independence of spirit, Freedom of thought.。', NULL);
INSERT INTO `user` VALUES (356, 'admin123465', '123456', 'Independence of spirit, Freedom of thought.。', NULL);
INSERT INTO `user` VALUES (357, 'admin1016', 'admin', 'Independence of spirit, Freedom of thought.。', NULL);
INSERT INTO `user` VALUES (358, 'ppllkk000', '123321', 'Independence of spirit, Freedom of thought.。', NULL);
INSERT INTO `user` VALUES (359, 'abc1211', 'abc1211', 'Independence of spirit, Freedom of thought.。', NULL);
INSERT INTO `user` VALUES (360, 'abc2522326', '2522326', 'Independence of spirit, Freedom of thought.。', NULL);
INSERT INTO `user` VALUES (361, 'g_xuexi', '123', 'Independence of spirit, Freedom of thought.。', NULL);
INSERT INTO `user` VALUES (362, '20061939', '20061939', 'Independence of spirit, Freedom of thought.。', NULL);
INSERT INTO `user` VALUES (363, '18270953103', 'wyf1998', 'Independence of spirit, Freedom of thought.。', NULL);
INSERT INTO `user` VALUES (364, 'denghuawen3', '2121', 'Independence of spirit, Freedom of thought.。', NULL);
INSERT INTO `user` VALUES (365, 'aiyoufu', 'hanyue2019', 'Independence of spirit, Freedom of thought.。', NULL);
INSERT INTO `user` VALUES (366, '13073737151', 'wanyu2014', 'Independence of spirit, Freedom of thought.。', NULL);
INSERT INTO `user` VALUES (367, 'liuxy0551', '123456', 'Independence of spirit, Freedom of thought.。', NULL);
INSERT INTO `user` VALUES (368, 'haogeili', 'haogeili', 'Independence of spirit, Freedom of thought.。', NULL);
INSERT INTO `user` VALUES (369, '11112222', '2222', 'Independence of spirit, Freedom of thought.。', NULL);
INSERT INTO `user` VALUES (370, '987654321', '123456', 'Independence of spirit, Freedom of thought.。nnn', NULL);
INSERT INTO `user` VALUES (371, '987654321`', '123456', 'Independence of spirit, Freedom of thought.。', NULL);
INSERT INTO `user` VALUES (372, 'abcdef', '111111', 'Independence of spirit, Freedom of thought.。', NULL);
INSERT INTO `user` VALUES (373, 'boom', '123456', 'Independence of spirit, Freedom of thought.。', NULL);
INSERT INTO `user` VALUES (374, 'a1234567', '123456', 'Independence of spirit, Freedom of thought.。', NULL);
INSERT INTO `user` VALUES (375, '1361', 'euuehee', 'Independence of spirit, Freedom of thought.。', NULL);
INSERT INTO `user` VALUES (376, '1455627005', 'qweqwe', 'Independence of spirit, Freedom of thought.。', NULL);
INSERT INTO `user` VALUES (377, 'a12345678', '123456', 'Independence of spirit, Freedom of thought.。', NULL);
INSERT INTO `user` VALUES (378, 'clai', '123456', '绿绿绿\n', NULL);
INSERT INTO `user` VALUES (379, 'kaka', '12138', 'Independence of spirit, Freedom of thought.。', NULL);
INSERT INTO `user` VALUES (380, '123456abc', '123456', 'Independence of spirit, Freedom of thought.。', NULL);
INSERT INTO `user` VALUES (381, 'thunder', '123123', 'Independence of spirit, Freedom of thought.。', NULL);
INSERT INTO `user` VALUES (382, '123456qa', '123', 'Independence of spirit, Freedom of thought.。', NULL);
INSERT INTO `user` VALUES (383, 'as946640', '123456', 'Independence of spirit, Freedom of thought.。', NULL);
INSERT INTO `user` VALUES (384, 'asda', 'asda', 'aaaaaaaaaaaaaaaaaa', NULL);
INSERT INTO `user` VALUES (385, 'w', '213', 'Independence of spirit, Freedom of thought.。', NULL);
INSERT INTO `user` VALUES (386, '123ee', '123', 'Independence of spirit, Freedom of thought.。', NULL);
INSERT INTO `user` VALUES (387, 'test999', '12345678', 'Independence of spirit, Freedom of thought.。', NULL);
INSERT INTO `user` VALUES (388, 'ycj', '123456', 'Independence of spirit, Freedom of thought.。', NULL);
INSERT INTO `user` VALUES (389, '201715250112', 'dwdw', '我在这', NULL);
INSERT INTO `user` VALUES (390, '15311202315', '123456', 'Independence of spirit, Freedom of thought.。顶顶顶', NULL);
INSERT INTO `user` VALUES (391, ' editor', '123', 'Independence of spirit, Freedom of thought.。', NULL);
INSERT INTO `user` VALUES (392, 'aaabbbccc', '123456', 'Independence of spirit, Freedom of thought.。', NULL);
INSERT INTO `user` VALUES (393, 'justcode', '876704', 'Independence of spirit, Freedom of thought.。11', NULL);
INSERT INTO `user` VALUES (394, '1196267182@qq.com', '1234', 'Independence of spirit, Freedom of thought.。', NULL);
INSERT INTO `user` VALUES (395, '15069629716', '123321', 'Independence of spirit, Freedom of thought.。', NULL);
INSERT INTO `user` VALUES (396, 'username', '123456', 'Independence of spirit, Freedom of thought.。', NULL);
INSERT INTO `user` VALUES (397, 'cherish', '123456', 'Independence of spirit, Freedom of thought.。', NULL);
INSERT INTO `user` VALUES (398, 'qweasdzxc', '123456', 'Independence of spirit, Freedom of thought.。111', NULL);
INSERT INTO `user` VALUES (399, 'ahui', 'ahui...', 'hello world', NULL);
INSERT INTO `user` VALUES (400, 'admin44', 'admin', 'Independence of spirit, Freedom of thought.。11', NULL);
INSERT INTO `user` VALUES (401, 'sdc', 'as', 'Independence of spirit, Freedom of thought.。', NULL);
INSERT INTO `user` VALUES (402, 'useraa', '1234', 'Independence of spirit, Freedom of thought.。', NULL);
INSERT INTO `user` VALUES (403, '13275757260', '123456', 'Independence of spirit, Freedom of thought.。', NULL);
INSERT INTO `user` VALUES (404, '111121', '1111', 'Independence of spirit, Freedom of thought.。', NULL);
INSERT INTO `user` VALUES (405, '13951905171', '123123', 'Independence of spirit, Freedom of thought.。', NULL);
INSERT INTO `user` VALUES (406, '13951901489', '123123', 'Independence of spirit, Freedom of thought.。', NULL);
INSERT INTO `user` VALUES (407, '13951905172', '123123', 'Independence of spirit, Freedom of thought.。', NULL);
INSERT INTO `user` VALUES (408, 'yuan', '1111', 'Independence of spirit, Freedom of thought.。', NULL);
INSERT INTO `user` VALUES (409, 'tgadmin', 'admin', 'Independence of spirit, Freedom of thought.。', NULL);
INSERT INTO `user` VALUES (410, 'abb1', 'abb1', 'Independence of spirit, Freedom of thought.。', NULL);
INSERT INTO `user` VALUES (411, 'users', '1234', 'Independence of spirit, Freedom of thought.。', NULL);
INSERT INTO `user` VALUES (412, 'xtyzding', 'ae3243713', 'Independence of spirit, Freedom of thought.。', NULL);
INSERT INTO `user` VALUES (413, '1221', '123321', 'Independence of spirit, Freedom of thought.。', NULL);
INSERT INTO `user` VALUES (414, '20210101', '123456', 'Independence of spirit, Freedom of thought.。', NULL);
INSERT INTO `user` VALUES (415, 'ClariS', '1234', 'Independence of spirit, Freedom of thought.。sdfsdfsd', NULL);
INSERT INTO `user` VALUES (416, 'hhhhh', 'hhhhhh', 'Independence of spirit, Freedom of thought.。', NULL);
INSERT INTO `user` VALUES (417, 'mikamika', '123456', 'Independence of spirit, Freedom of thought.。', NULL);
INSERT INTO `user` VALUES (418, '15260180860', '2021', 'change it', NULL);
INSERT INTO `user` VALUES (419, 'test7', 'text7', 'Independence of spirit, Freedom of thought.。', NULL);
INSERT INTO `user` VALUES (420, 'test8', '123456', 'Independence of spirit, Freedom of thought.。', NULL);
INSERT INTO `user` VALUES (421, '77752', '1233', '？世界毁灭', NULL);
INSERT INTO `user` VALUES (422, '10001', '123456', '慢慢来', NULL);
INSERT INTO `user` VALUES (423, 'pxy', 'pxy123', 'Independence of spirit, Freedom of thought.。', NULL);
INSERT INTO `user` VALUES (424, 'yxj', '111111', 'Independence of spirit, Freedom of thought.。', NULL);
INSERT INTO `user` VALUES (425, 'lalala', '123456', 'Independence of spirit, Freedom of thought.。', NULL);
INSERT INTO `user` VALUES (426, '8909', '123456a', 'test', NULL);
INSERT INTO `user` VALUES (427, '123pp', '123', 'Independence of spirit, Freedom of thought.。', NULL);
INSERT INTO `user` VALUES (428, '123121', '123', 'Independence of spirit, Freedom of thought.。', NULL);
INSERT INTO `user` VALUES (429, '13565946671', '123456', 'Independence of spirit, Freedom of thought.。', NULL);
INSERT INTO `user` VALUES (430, 'nikename', '123456', 'Independence of spirit, Freedom of thought.。', NULL);
INSERT INTO `user` VALUES (431, 'qqqwww', 'qqq', 'Independence of spirit, Freedom of thought.。', NULL);
INSERT INTO `user` VALUES (432, 'dz', 'dz', 'Independence of spirit, Freedom of thought.。', NULL);
INSERT INTO `user` VALUES (433, 'yyy1233', '1234561', 'Independence of spirit, Freedom of thought.。', NULL);
INSERT INTO `user` VALUES (434, '16620805419', '123456', '发脾去', NULL);
INSERT INTO `user` VALUES (435, '17852429901', '4517201', 'Independence of spirit, Freedom of thought.。', NULL);
INSERT INTO `user` VALUES (436, '17852413995', '990510', 'Independence of spirit, Freedom of thought.。', NULL);
INSERT INTO `user` VALUES (437, '景昂', 'zem153938', 'Independence of spirit, Freedom of thought.。', NULL);
INSERT INTO `user` VALUES (438, 'z1695657342', '123456', 'Independence of spirit, Freedom of thought.。', NULL);
INSERT INTO `user` VALUES (439, 'in123123', '123456s', 'Independence of spirit, Freedom of thought.。', NULL);
INSERT INTO `user` VALUES (440, 'dd520', '123', 'Independence of spirit, Freedom of thought.。', NULL);
INSERT INTO `user` VALUES (441, '112', '112!', 'Independence of spirit, Freedom of thought.。', NULL);
INSERT INTO `user` VALUES (442, 'test12345', 'test', 'Independence of spirit, Freedom of thought.。', NULL);
INSERT INTO `user` VALUES (443, '936115', '123', '路过瞅两眼', NULL);
INSERT INTO `user` VALUES (444, '123abc', '123', 'Independence of spirit, Freedom of thought.。', NULL);
INSERT INTO `user` VALUES (445, 'cqw123', '123', 'Independence of spirit, Freedom of thought.。', NULL);
INSERT INTO `user` VALUES (446, 'admin266', '123456', 'Independence of spirit, Freedom of thought.。111', NULL);
INSERT INTO `user` VALUES (447, '分为了', 'vsd', 'Independence of spirit, Freedom of thought.。', NULL);
INSERT INTO `user` VALUES (448, '121', '121', 'Independence of spirit, Freedom of thought.。', NULL);
INSERT INTO `user` VALUES (449, 'Seele', 'Seele_1018', 'Independence of spirit, Freedom of thought.。', NULL);
INSERT INTO `user` VALUES (450, '13169602935', '111111', 'Independence of spirit, Freedom of thought.。', NULL);
INSERT INTO `user` VALUES (451, 'jhao', 'JHSQH3271307', 'Independence of spirit, Freedom of thought.。', NULL);
INSERT INTO `user` VALUES (452, 'fkkk', 'fkkkfkkk', 'Independence of spirit, Freedom of thought.。', NULL);
INSERT INTO `user` VALUES (453, '1234567890', '123456789', 'Independence of spirit, Freedom of thought.。12', NULL);
INSERT INTO `user` VALUES (454, '123456acd', '132465', 'Independence of spirit, Freedom of thought.。', NULL);
INSERT INTO `user` VALUES (455, '13570582509', '123456', 'Independence of spirit, Freedom of thought.。', NULL);
INSERT INTO `user` VALUES (456, 'xiaofang', '1234567', '我是可爱迷人的小可爱', NULL);
INSERT INTO `user` VALUES (457, '13706945212', '0419', 'Independence of spirit, Freedom of thought.。', NULL);
INSERT INTO `user` VALUES (458, '2586438083', 'zxs123456789', 'sdafaf', NULL);
INSERT INTO `user` VALUES (459, 'xiaojia', '123456', 'Independence of spirit, Freedom of thought.。', NULL);
INSERT INTO `user` VALUES (460, 'zzy', '123456', '傻逼蓝桥', NULL);
INSERT INTO `user` VALUES (461, 'abcde', '123456', 'Independence of spirit, Freedom of thought.。', NULL);
INSERT INTO `user` VALUES (462, '17319224491', 'HLN153910', '', NULL);
INSERT INTO `user` VALUES (463, 'zhangnick', '111111', 'Independence of spirit, Freedom of thought.。', '//s.yezgea02.com/1615973940679/WeChat77d6d2ac093e247c361f0b8a7aeb6c2a.png');
INSERT INTO `user` VALUES (464, 'abc1234', '123456', 'Independence of spirit, Freedom of thought.。', NULL);
COMMIT;

SET FOREIGN_KEY_CHECKS = 1;
